epoch,accuracy,dice_avg,dice_liver,dice_tumor,iou_liver,iou_tumor,learning_rate,loss,precision_liver,precision_tumor,recall_liver,recall_tumor,val_accuracy,val_dice_avg,val_dice_liver,val_dice_tumor,val_iou_liver,val_iou_tumor,val_loss,val_precision_liver,val_precision_tumor,val_recall_liver,val_recall_tumor
0,0.9097230434417725,0.3776741325855255,0.7552609443664551,8.744682418182492e-05,0.6401296257972717,4.381702819955535e-05,4.199999966658652e-05,0.9431759715080261,0.7193750739097595,4.8531481297686696e-05,0.8821560144424438,0.0009095643181353807,0.3573339879512787,0.0922403410077095,0.18448060750961304,9.322547356305222e-08,0.10187868028879166,9.322547356305222e-08,2.5515928268432617,0.10187868028879166,0.0,1.0,0.0
1,0.9869754910469055,0.558944582939148,0.9141532778739929,0.20373587310314178,0.8427358269691467,0.13807904720306396,4.199999966658652e-05,0.5002073645591736,0.9077031016349792,0.4699765145778656,0.9242798089981079,0.14989958703517914,0.8910305500030518,0.21530327200889587,0.4306064248085022,5.738271724453625e-08,0.27630093693733215,5.738271724453625e-08,1.2034249305725098,0.34686848521232605,0.0,0.5796476006507874,0.0
2,0.9890199303627014,0.6950805187225342,0.9275074005126953,0.4626534581184387,0.8654125332832336,0.34305012226104736,4.199999966658652e-05,0.4591628611087799,0.9246740937232971,0.6783906817436218,0.9329908490180969,0.40489116311073303,0.9180300831794739,0.18602684140205383,0.3720536530017853,5.4128722837276655e-08,0.23120541870594025,5.4128722837276655e-08,0.8899857997894287,0.42022034525871277,0.0,0.3425633907318115,0.0
3,0.9919757843017578,0.7819561958312988,0.9466010928153992,0.6173111200332642,0.898847222328186,0.4858757257461548,4.199999966658652e-05,0.4311658442020416,0.9439716339111328,0.7370263934135437,0.9507015943527222,0.5610249042510986,0.941972017288208,0.1952902227640152,0.39058032631874084,8.394519568355463e-08,0.24605688452720642,8.394519568355463e-08,0.6960350871086121,0.92635178565979,0.0,0.25090548396110535,0.0
4,0.9931842088699341,0.8288114666938782,0.9547974467277527,0.7028253078460693,0.9136745929718018,0.5711203813552856,4.199999966658652e-05,0.4154944121837616,0.9518438577651978,0.7806925177574158,0.9587113261222839,0.6619205474853516,0.9720480442047119,0.40790924429893494,0.8128555417060852,0.002963022794574499,0.6863545179367065,0.0015385213773697615,0.5353405475616455,0.8000668287277222,0.03999997302889824,0.8340376019477844,0.0015384615398943424
5,0.9937039017677307,0.8312436938285828,0.9579814672470093,0.7045055627822876,0.9195569753646851,0.5824570059776306,4.199999966658652e-05,0.40638628602027893,0.9566372036933899,0.7917918562889099,0.9603919982910156,0.6676620244979858,0.9835779070854187,0.5573614835739136,0.8820440173149109,0.23267900943756104,0.7903615832328796,0.1450069546699524,0.455687016248703,0.9560882449150085,0.7393077611923218,0.8203734755516052,0.14617958664894104
6,0.9949774146080017,0.8633303046226501,0.9666668772697449,0.7599934935569763,0.9355800151824951,0.6425328254699707,4.199999966658652e-05,0.3946816623210907,0.9641431570053101,0.8253881335258484,0.9697355628013611,0.7195240259170532,0.9928179979324341,0.8038477897644043,0.9499297142028809,0.6577664017677307,0.9047998785972595,0.5272327065467834,0.4020787477493286,0.9810123443603516,0.8729521036148071,0.9208821654319763,0.5469222664833069
7,0.9948222637176514,0.8569727540016174,0.9653208255767822,0.7486245036125183,0.9331284165382385,0.6353169679641724,4.199999966658652e-05,0.39132872223854065,0.9636257290840149,0.8211145997047424,0.9676699042320251,0.7139221429824829,0.9949139356613159,0.8510782718658447,0.9655487537384033,0.7366076707839966,0.9334585666656494,0.6117896437644958,0.38947808742523193,0.9577726721763611,0.8607170581817627,0.97355055809021,0.6661047339439392
8,0.9950122833251953,0.8581932783126831,0.9666701555252075,0.7497163414955139,0.9356390237808228,0.6359296441078186,4.199999966658652e-05,0.38726645708084106,0.9648938775062561,0.8141643404960632,0.9692537188529968,0.7280815243721008,0.9957028031349182,0.857155978679657,0.9706431031227112,0.7436687350273132,0.9430235028266907,0.6472341418266296,0.38318562507629395,0.9775834083557129,0.8395310044288635,0.9638752937316895,0.7022489309310913
9,0.995246171951294,0.8864253759384155,0.9684361219406128,0.8044149279594421,0.9389591813087463,0.6946604251861572,4.199999966658652e-05,0.38368141651153564,0.9683541059494019,0.8529304265975952,0.9691581726074219,0.7746227979660034,0.9959454536437988,0.8941630721092224,0.9726467132568359,0.8156796097755432,0.946778416633606,0.7121559977531433,0.3779778778553009,0.9836170077323914,0.8516845703125,0.9619691371917725,0.7867318987846375
10,0.9963253140449524,0.8954126238822937,0.9755423665046692,0.8152826428413391,0.9523110389709473,0.7092573046684265,4.199999966658652e-05,0.3758869171142578,0.9741836786270142,0.8533883094787598,0.9771775603294373,0.792844831943512,0.9958428740501404,0.9096117615699768,0.9712187051773071,0.8480047583580017,0.9440855979919434,0.7433754801750183,0.37608981132507324,0.989035964012146,0.8102275729179382,0.9540693163871765,0.8981806039810181
11,0.9965913891792297,0.9044365882873535,0.977376401424408,0.8314968943595886,0.9557952880859375,0.7316370606422424,4.199999966658652e-05,0.37259751558303833,0.9764713048934937,0.8571674227714539,0.9785001873970032,0.8256469964981079,0.9962041974067688,0.8986921906471252,0.9740892052650452,0.8232952356338501,0.9495300054550171,0.725655198097229,0.3722526431083679,0.9865370392799377,0.8740125298500061,0.9619865417480469,0.782909095287323
12,0.9967820644378662,0.9060734510421753,0.9786863923072815,0.8334604501724243,0.9583075046539307,0.7341580390930176,4.199999966658652e-05,0.3699533939361572,0.9779394268989563,0.8597821593284607,0.9796439409255981,0.819317638874054,0.9964382648468018,0.911733865737915,0.9756407737731934,0.8478268980979919,0.9524584412574768,0.7409297227859497,0.37010657787323,0.9873655438423157,0.9290155172348022,0.9642112255096436,0.7887256741523743
13,0.99696946144104,0.9045124053955078,0.9799482822418213,0.8290764093399048,0.9607252478599548,0.7326794266700745,4.199999966658652e-05,0.36714011430740356,0.9794654250144958,0.8526196479797363,0.9806081652641296,0.8170165419578552,0.996866762638092,0.8906949758529663,0.9790735840797424,0.8023168444633484,0.9590258598327637,0.7054628133773804,0.3658178746700287,0.9876153469085693,0.8914117217063904,0.9707156419754028,0.7510277032852173
14,0.9971287250518799,0.9089775681495667,0.9809095859527588,0.8370463848114014,0.9625563621520996,0.7447357177734375,4.199999966658652e-05,0.3650017976760864,0.9805681109428406,0.8663414120674133,0.9813706874847412,0.8221173882484436,0.9969103932380676,0.9292741417884827,0.9788696765899658,0.87967848777771,0.9586441516876221,0.7879791259765625,0.36462441086769104,0.9878733158111572,0.8895625472068787,0.9700620174407959,0.8732759952545166
15,0.9973155856132507,0.9031016826629639,0.9819623827934265,0.824241042137146,0.9645959734916687,0.7300859689712524,4.199999966658652e-05,0.36302459239959717,0.9815237522125244,0.8469765186309814,0.9825063347816467,0.816667377948761,0.9970660209655762,0.899780809879303,0.9806608557701111,0.818901002407074,0.9620661735534668,0.7326757907867432,0.3629845678806305,0.9729763865470886,0.8734743595123291,0.9884904623031616,0.7980638742446899
16,0.9975245594978333,0.919119656085968,0.9836927652359009,0.8545466065406799,0.9679310321807861,0.7648234367370605,4.199999966658652e-05,0.3609347939491272,0.9834551811218262,0.8877203464508057,0.9840120077133179,0.8412383198738098,0.9974395632743835,0.9256842136383057,0.9826705455780029,0.8686977624893188,0.965944766998291,0.7792041897773743,0.36077800393104553,0.9826092720031738,0.8997204303741455,0.9827524423599243,0.846021294593811
17,0.9975778460502625,0.939025342464447,0.9836242198944092,0.8944263458251953,0.9678013324737549,0.8146644830703735,4.199999966658652e-05,0.3595336079597473,0.9829459190368652,0.9087663292884827,0.984408974647522,0.8860291242599487,0.9970547556877136,0.9409847855567932,0.9801008105278015,0.9018688201904297,0.9609885215759277,0.8224421143531799,0.36044102907180786,0.9919934272766113,0.8991222977638245,0.9685102105140686,0.9067244529724121
18,0.9977476000785828,0.937502384185791,0.9849981665611267,0.8900070190429688,0.9704557657241821,0.8137479424476624,4.199999966658652e-05,0.35794925689697266,0.9849128723144531,0.8992966413497925,0.9851425290107727,0.8865342736244202,0.9974877834320068,0.9394940733909607,0.9825087785720825,0.8964796662330627,0.9656445980072021,0.8145259618759155,0.3594322204589844,0.9828638434410095,0.9252905249595642,0.982191264629364,0.8720062375068665
19,0.997692883014679,0.9217455983161926,0.9846494793891907,0.8588413000106812,0.9697797298431396,0.775749683380127,4.199999966658652e-05,0.3573451638221741,0.9846588373184204,0.8844892978668213,0.9847186207771301,0.8480284214019775,0.9973465204238892,0.9258608222007751,0.9823157787322998,0.86940598487854,0.9652712345123291,0.7805317044258118,0.35821571946144104,0.9746805429458618,0.8946762681007385,0.9900922179222107,0.8569936156272888
20,0.9978106021881104,0.9372503161430359,0.9853670597076416,0.8891339302062988,0.971173107624054,0.8079953789710999,4.199999966658652e-05,0.35597285628318787,0.9855351448059082,0.8962050676345825,0.9852679371833801,0.890412449836731,0.9975921511650085,0.9392395615577698,0.9839223623275757,0.8945568203926086,0.9683693051338196,0.8115261793136597,0.35669028759002686,0.9834692478179932,0.9235983490943909,0.9843921065330505,0.8707751631736755
21,0.9977092742919922,0.9304885864257812,0.9845913648605347,0.8763856291770935,0.9696834087371826,0.7975079417228699,4.199999966658652e-05,0.3559032082557678,0.9844501614570618,0.8913154602050781,0.9848185777664185,0.8697714805603027,0.9974789619445801,0.9283392429351807,0.982677161693573,0.8740013241767883,0.9659581780433655,0.7849172353744507,0.3577086329460144,0.9777363538742065,0.9362242817878723,0.9876775145530701,0.8273056745529175
22,0.9978973865509033,0.9326492547988892,0.9859322905540466,0.8793659806251526,0.9722680449485779,0.8048175573348999,4.199999966658652e-05,0.35436517000198364,0.9856507182121277,0.8931449055671692,0.986266553401947,0.874717116355896,0.9972231984138489,0.934054434299469,0.9803057312965393,0.8878030180931091,0.961398184299469,0.7993149757385254,0.3572831451892853,0.9933075904846191,0.8349781632423401,0.9676818251609802,0.9485800862312317
23,0.9983199238777161,0.9403522610664368,0.9887569546699524,0.891947329044342,0.9777759313583374,0.822166919708252,2.099999983329326e-05,0.35221347212791443,0.9887223839759827,0.9102466106414795,0.9888355731964111,0.8867324590682983,0.9980859160423279,0.9234634637832642,0.9871315956115723,0.8597954511642456,0.9745995998382568,0.7873756289482117,0.3525789678096771,0.990852952003479,0.8508235216140747,0.9834452271461487,0.8777196407318115
24,0.9985229969024658,0.9382016062736511,0.9901208281517029,0.8862828016281128,0.9804485440254211,0.8263023495674133,2.099999983329326e-05,0.35118475556373596,0.9898504018783569,0.888892650604248,0.9904207587242126,0.888134241104126,0.9981472492218018,0.9497157335281372,0.9875034093856812,0.9119284152984619,0.9753232002258301,0.8437105417251587,0.3525667190551758,0.9898766279220581,0.9170439839363098,0.9851469993591309,0.9166297912597656
25,0.9986711740493774,0.9379525184631348,0.9911115169525146,0.8847931623458862,0.9823877215385437,0.8243134021759033,2.099999983329326e-05,0.35031622648239136,0.9910190105438232,0.9022454619407654,0.9912161827087402,0.8806189894676208,0.99822598695755,0.9567210674285889,0.988007664680481,0.9254346489906311,0.9763079881668091,0.8623168468475342,0.35186484456062317,0.9887480735778809,0.9389339685440063,0.9872738122940063,0.9140922427177429
26,0.9986887574195862,0.9577581286430359,0.9910802245140076,0.924435555934906,0.9823305010795593,0.8694563508033752,2.099999983329326e-05,0.3498920500278473,0.9908032417297363,0.9246867299079895,0.9913792610168457,0.9256147742271423,0.9979214668273926,0.9413612484931946,0.9863021373748779,0.896420419216156,0.9729858636856079,0.8180450201034546,0.35183659195899963,0.9801785349845886,0.9622993469238281,0.9925171732902527,0.8420817852020264
27,0.998635470867157,0.9527329802513123,0.9907940626144409,0.9146716594696045,0.9817641973495483,0.8557922840118408,2.099999983329326e-05,0.3496790826320648,0.9905208349227905,0.9227756261825562,0.9910938143730164,0.9136924147605896,0.998185396194458,0.9563020467758179,0.9874653816223145,0.9251384139060974,0.9752575159072876,0.8623927235603333,0.35121577978134155,0.9890224933624268,0.9209396839141846,0.9859330058097839,0.9301301836967468
28,0.9987729787826538,0.9476284980773926,0.9917165637016296,0.9035406708717346,0.9835764169692993,0.8507832884788513,2.099999983329326e-05,0.3489970266819,0.991611659526825,0.9176346063613892,0.9918352365493774,0.9040541648864746,0.9982101321220398,0.9371392130851746,0.9876434206962585,0.8866348266601562,0.9755967855453491,0.8252535462379456,0.35179945826530457,0.9871142506599426,0.8983898758888245,0.9881856441497803,0.875947892665863
29,0.9987711310386658,0.958130955696106,0.9917088150978088,0.9245527386665344,0.9835611581802368,0.8702536821365356,2.099999983329326e-05,0.3487330973148346,0.9915190935134888,0.9295523762702942,0.9919223785400391,0.9237010478973389,0.9981710910797119,0.9577897787094116,0.9869930148124695,0.9285867810249329,0.9743384718894958,0.8678027987480164,0.35183167457580566,0.9909164905548096,0.9174826145172119,0.9831106066703796,0.9411963820457458
30,0.998801052570343,0.9638546109199524,0.9918965101242065,0.9358125925064087,0.983930230140686,0.8851362466812134,2.099999983329326e-05,0.3483469784259796,0.9916031360626221,0.9415584802627563,0.9922114610671997,0.9332318902015686,0.9981436133384705,0.9369375705718994,0.987460732460022,0.8864143490791321,0.9752365946769714,0.8251798152923584,0.35101377964019775,0.9919757843017578,0.8749319314956665,0.9829949736595154,0.8995057940483093
31,0.9987244606018066,0.9542855620384216,0.9914332628250122,0.9171379208564758,0.9830197095870972,0.8650234937667847,2.099999983329326e-05,0.3482656180858612,0.9912641644477844,0.919514000415802,0.9916227459907532,0.918600857257843,0.9980005025863647,0.9546549320220947,0.9866523146629333,0.9226575493812561,0.9736689925193787,0.8581940531730652,0.351200670003891,0.9830761551856995,0.9135327935218811,0.990271806716919,0.9334298968315125
32,0.998645544052124,0.959751307964325,0.9909250140190125,0.9285774230957031,0.9820318818092346,0.8778367638587952,2.099999983329326e-05,0.3485207259654999,0.9910069108009338,0.9279860854148865,0.9908673167228699,0.9313812255859375,0.9977310299873352,0.9563615918159485,0.9842454791069031,0.9284777045249939,0.9690005779266357,0.8678834438323975,0.3528289794921875,0.9777156710624695,0.9349678754806519,0.990894615650177,0.9237350225448608
33,0.9986229538917542,0.9549319744110107,0.9908003211021423,0.9190637469291687,0.9817787408828735,0.8627057075500488,2.099999983329326e-05,0.3482576012611389,0.9908508062362671,0.9185723662376404,0.9907713532447815,0.9224998354911804,0.9981988668441772,0.9557252526283264,0.9878720045089722,0.9235784411430359,0.9760481119155884,0.8609358072280884,0.3499499261379242,0.9857255816459656,0.9166799187660217,0.9900374412536621,0.9324896931648254
34,0.9988300204277039,0.9521310925483704,0.9921801686286926,0.912082314491272,0.9844866991043091,0.8595001697540283,2.099999983329326e-05,0.3472476303577423,0.9920873045921326,0.9156298637390137,0.9922855496406555,0.9129935503005981,0.9981433153152466,0.9544194936752319,0.9873692393302917,0.9214701652526855,0.9750617146492004,0.8557232022285461,0.35002100467681885,0.9922304749488831,0.9014007449150085,0.9825643301010132,0.94475257396698
35,0.9990322589874268,0.9686653017997742,0.9934938549995422,0.9438362717628479,0.9870771765708923,0.8973020911216736,1.049999991664663e-05,0.34643441438674927,0.9934070110321045,0.9431288838386536,0.9935896396636963,0.9478513598442078,0.9984240531921387,0.9433267712593079,0.9893563985824585,0.897297203540802,0.9789447784423828,0.8431416153907776,0.3487958014011383,0.9904248118400574,0.881632924079895,0.9882978796958923,0.9149858355522156
36,0.9991719722747803,0.971962571144104,0.9944183230400085,0.9495072960853577,0.9889031052589417,0.9061726331710815,1.049999991664663e-05,0.34580540657043457,0.9942510724067688,0.9484889507293701,0.9945928454399109,0.9514589905738831,0.9984073042869568,0.9409316182136536,0.9889628887176514,0.8929004073143005,0.9781737327575684,0.836915135383606,0.34951451420783997,0.9925962686538696,0.8991321325302124,0.9853622317314148,0.8888459801673889
37,0.9991946220397949,0.966036319732666,0.9945189952850342,0.937553346157074,0.9891019463539124,0.9009087085723877,1.049999991664663e-05,0.3456249535083771,0.9944078326225281,0.9351746439933777,0.9946368932723999,0.9404544830322266,0.9984732270240784,0.9509313106536865,0.9895875453948975,0.9122752547264099,0.9793995022773743,0.8481278419494629,0.34855952858924866,0.9906473755836487,0.919028639793396,0.9885371923446655,0.909736692905426
38,0.9992166757583618,0.9635723829269409,0.9947150945663452,0.9324292540550232,0.9894906878471375,0.8930344581604004,1.049999991664663e-05,0.3454028069972992,0.9945359826087952,0.932944118976593,0.9948991537094116,0.9330909848213196,0.9984307885169983,0.9580563902854919,0.9890949130058289,0.9270179867744446,0.9784364104270935,0.8685169219970703,0.34844639897346497,0.9889084100723267,0.9378398060798645,0.9892905950546265,0.9221588969230652
39,0.9992610216140747,0.9691965579986572,0.9950493574142456,0.9433433413505554,0.9901509284973145,0.9031886458396912,1.049999991664663e-05,0.34505560994148254,0.9949411749839783,0.944057285785675,0.9951619505882263,0.9452487230300903,0.9984921216964722,0.9593257308006287,0.9893486499786377,0.9293025732040405,0.9789350032806396,0.8707547783851624,0.34883973002433777,0.988880455493927,0.9343226552009583,0.9898237586021423,0.9268894195556641
40,0.9992555975914001,0.9642300605773926,0.9950201511383057,0.9334397912025452,0.990092933177948,0.8954919576644897,1.049999991664663e-05,0.3449863791465759,0.9949547052383423,0.9350154995918274,0.9950894713401794,0.9355171918869019,0.9984384179115295,0.9493396878242493,0.9891275763511658,0.9095516800880432,0.9784985184669495,0.8491262197494507,0.3480718731880188,0.9891177415847778,0.9079710245132446,0.9891462922096252,0.932849109172821
41,0.9992827773094177,0.971260130405426,0.9951509237289429,0.9473686814308167,0.9903518557548523,0.9050055742263794,1.049999991664663e-05,0.34472668170928955,0.9950735569000244,0.9477035999298096,0.9952319860458374,0.9523156881332397,0.9984250068664551,0.9425990581512451,0.9893426299095154,0.8958556652069092,0.978919267654419,0.8415993452072144,0.3480273485183716,0.9896562695503235,0.8984209299087524,0.9890360236167908,0.8953148722648621
42,0.9992520809173584,0.9729210734367371,0.9949872493743896,0.9508547186851501,0.990027904510498,0.9118134379386902,1.049999991664663e-05,0.34472793340682983,0.9948236346244812,0.9556725025177002,0.995156466960907,0.9507753252983093,0.9984051585197449,0.9608319997787476,0.9892863631248474,0.9323774576187134,0.978809118270874,0.8762536644935608,0.34782734513282776,0.9893952012062073,0.9212790727615356,0.9891825318336487,0.9441079497337341
43,0.99928879737854,0.9719374775886536,0.995185136795044,0.948689341545105,0.9904205799102783,0.9123734831809998,1.049999991664663e-05,0.3445269763469696,0.9950515627861023,0.9460549354553223,0.9953235387802124,0.9523672461509705,0.9984115362167358,0.9563811421394348,0.9892368912696838,0.9235251545906067,0.9787099957466125,0.8626643419265747,0.3477587401866913,0.9882454872131348,0.9168437123298645,0.9902352094650269,0.9376723766326904
44,0.9992433190345764,0.9721044898033142,0.9949021935462952,0.949307382106781,0.9898600578308105,0.9068716168403625,1.049999991664663e-05,0.344502717256546,0.9947932958602905,0.9516915082931519,0.9950169920921326,0.9508792757987976,0.9984362721443176,0.9655050039291382,0.9893066883087158,0.9417033195495605,0.9788456559181213,0.8908195495605469,0.34781166911125183,0.9890406131744385,0.9391195774078369,0.9895792603492737,0.9451364278793335
45,0.9992489814758301,0.9734544157981873,0.9949701428413391,0.9519385695457458,0.9899953603744507,0.9117721319198608,1.049999991664663e-05,0.3443649709224701,0.9949206709861755,0.951184868812561,0.9950240850448608,0.9541513919830322,0.9983862042427063,0.9261469841003418,0.9888055324554443,0.8634883165359497,0.9778711795806885,0.8143959641456604,0.3479161858558655,0.9869667291641235,0.8691901564598083,0.9906638264656067,0.8585728406906128
46,0.9993017315864563,0.9767170548439026,0.9952730536460876,0.958160936832428,0.9905941486358643,0.9212597608566284,1.049999991664663e-05,0.34404194355010986,0.9951078295707703,0.9596837759017944,0.995441734790802,0.9585990905761719,0.9984371662139893,0.9612727165222168,0.9895761013031006,0.9329695105552673,0.9793736338615417,0.875526487827301,0.34731483459472656,0.9915205240249634,0.9313274621963501,0.9876431226730347,0.9362133145332336
47,0.9993187189102173,0.9725353717803955,0.9953958988189697,0.9496747851371765,0.9908371567726135,0.9145711660385132,1.049999991664663e-05,0.34387311339378357,0.9953958988189697,0.9528242349624634,0.9953994154930115,0.9490753412246704,0.998522937297821,0.965864360332489,0.9900109171867371,0.9417174458503723,0.9802262783050537,0.8910654187202454,0.3471991717815399,0.9901997447013855,0.9399604797363281,0.9898279309272766,0.9452380537986755
48,0.999270498752594,0.9736433625221252,0.9951360821723938,0.9521501064300537,0.9903238415718079,0.9185982346534729,1.049999991664663e-05,0.3439657986164093,0.9951193332672119,0.9524821639060974,0.995159924030304,0.9536222815513611,0.9984136819839478,0.9566764235496521,0.9891076683998108,0.9242453575134277,0.9784556031227112,0.8630341291427612,0.3480108380317688,0.989596962928772,0.9351242780685425,0.9886239767074585,0.9153235554695129
49,0.9992508888244629,0.9755599498748779,0.9949196577072144,0.9561996459960938,0.9898955821990967,0.9182169437408447,1.049999991664663e-05,0.3438989520072937,0.9948610663414001,0.9583659172058105,0.9949852824211121,0.9555811285972595,0.9984298944473267,0.964205801486969,0.9891859292984009,0.9392257928848267,0.9786126613616943,0.8864040374755859,0.34760531783103943,0.9872202277183533,0.9478397965431213,0.991167426109314,0.9319469928741455
50,0.9994010925292969,0.9773296117782593,0.9959521293640137,0.9587069749832153,0.991942286491394,0.9300041198730469,5.249999958323315e-06,0.34331822395324707,0.9958059191703796,0.9555118083953857,0.9961007833480835,0.9625003337860107,0.998508632183075,0.9604696035385132,0.989830493927002,0.9311086535453796,0.9798755049705505,0.8751599192619324,0.3468625545501709,0.9913995265960693,0.9192981719970703,0.9882763028144836,0.946150004863739
51,0.9994904398918152,0.9704345464706421,0.9966148138046265,0.9442548155784607,0.9932548999786377,0.9167579412460327,5.249999958323315e-06,0.34298187494277954,0.9965553283691406,0.9432675838470459,0.9966760277748108,0.9470497369766235,0.9985024929046631,0.956677258014679,0.9898164868354797,0.9235381484031677,0.9798485636711121,0.8679504990577698,0.3466528058052063,0.9902687668800354,0.9372855424880981,0.9893743991851807,0.9247240424156189
52,0.9995319843292236,0.9785594940185547,0.9968727231025696,0.9602465629577637,0.993766188621521,0.9341438412666321,5.249999958323315e-06,0.34276142716407776,0.9968479871749878,0.9605448842048645,0.996898353099823,0.9620140790939331,0.9985455274581909,0.9674519896507263,0.9901573657989502,0.9447463750839233,0.9805128574371338,0.8960110545158386,0.3467663824558258,0.9900805950164795,0.9452849626541138,0.9902402758598328,0.9446424245834351
53,0.9995325207710266,0.9798485636711121,0.9968644976615906,0.9628329277038574,0.9937500953674316,0.9348492622375488,5.249999958323315e-06,0.3427218198776245,0.9967735409736633,0.9706124663352966,0.9969573020935059,0.9611707925796509,0.9985513091087341,0.9656219482421875,0.9899929165840149,0.9412509799003601,0.9801919460296631,0.8907617926597595,0.3473047614097595,0.9912943243980408,0.941602349281311,0.9887000918388367,0.9436730146408081
54,0.999553918838501,0.9845926761627197,0.9970090985298157,0.9721764922142029,0.9940381050109863,0.9468132853507996,5.249999958323315e-06,0.34258556365966797,0.9969989061355591,0.9679890275001526,0.9970199465751648,0.976799726486206,0.9985525608062744,0.9637354016304016,0.9903401732444763,0.9371302723884583,0.9808693528175354,0.8841196298599243,0.34593257308006287,0.9899793863296509,0.9433348178863525,0.9907047152519226,0.931882381439209
55,0.9995529651641846,0.9831321835517883,0.9969639778137207,0.9693000316619873,0.9939485788345337,0.9414065480232239,5.249999958323315e-06,0.3425171673297882,0.9969418048858643,0.966045081615448,0.9969879388809204,0.9735720157623291,0.9985711574554443,0.9292652010917664,0.9902154803276062,0.8683151006698608,0.9806309342384338,0.8234744071960449,0.34648704528808594,0.9900950789451599,0.8678274750709534,0.990342378616333,0.8695849776268005
56,0.9995506405830383,0.9827160835266113,0.9969384670257568,0.9684937000274658,0.9938986301422119,0.9411169290542603,5.249999958323315e-06,0.34248411655426025,0.9969068169593811,0.9692766070365906,0.9969721436500549,0.969847559928894,0.9985610842704773,0.9400544166564941,0.9903656244277954,0.8897432684898376,0.9809223413467407,0.8412818908691406,0.3460559546947479,0.9902128577232361,0.9027448296546936,0.9905223250389099,0.8865086436271667
57,0.9995545744895935,0.9826809167861938,0.9970399737358093,0.9683219194412231,0.9940996766090393,0.9401834011077881,5.249999958323315e-06,0.34239712357521057,0.9969809055328369,0.9663857221603394,0.9971005320549011,0.9719791412353516,0.998569667339325,0.9643390774726868,0.9901823401451111,0.9384956359863281,0.9805611968040466,0.8853686451911926,0.34639498591423035,0.99055016040802,0.9588612914085388,0.9898176789283752,0.9208666086196899
58,0.9995894432067871,0.9842641353607178,0.9972442388534546,0.9712839722633362,0.9945057034492493,0.9454063177108765,2.6249999791616574e-06,0.34227317571640015,0.9971845746040344,0.9703626036643982,0.9973053932189941,0.9731818437576294,0.9986264109611511,0.9476922750473022,0.9904876947402954,0.9048963785171509,0.9811618328094482,0.8580256104469299,0.3468879461288452,0.9902057647705078,0.9025768041610718,0.9907753467559814,0.907457709312439
59,0.9996441602706909,0.9819033741950989,0.9976215362548828,0.9661846160888672,0.995255708694458,0.944068968296051,2.6249999791616574e-06,0.34201639890670776,0.9975469708442688,0.9645417928695679,0.9976969361305237,0.9680960178375244,0.9985781908035278,0.9577985405921936,0.9901943206787109,0.9254025220870972,0.9805887341499329,0.8657836318016052,0.3467974364757538,0.9899538159370422,0.9188816547393799,0.9904409050941467,0.9350844621658325
60,0.9996338486671448,0.9815728664398193,0.9975339770317078,0.9656116962432861,0.9950820207595825,0.9429803490638733,2.6249999791616574e-06,0.342050164937973,0.997498095035553,0.9627231359481812,0.9975709319114685,0.9687243103981018,0.9985873699188232,0.9627572894096375,0.9903178215026855,0.9351966381072998,0.9808276891708374,0.8806991577148438,0.34685608744621277,0.9900872111320496,0.932535707950592,0.9905564785003662,0.9386416673660278
61,0.9996193051338196,0.9757050275802612,0.9974215030670166,0.9539890289306641,0.994858980178833,0.9301751852035522,2.6249999791616574e-06,0.34204617142677307,0.9974210262298584,0.9521635174751282,0.9974225759506226,0.9562315940856934,0.9985708594322205,0.9669666290283203,0.9901610612869263,0.9437718987464905,0.980521559715271,0.8951040506362915,0.3465059697628021,0.989350438117981,0.9358235001564026,0.9909780621528625,0.9529923796653748
62,0.9996579885482788,0.9800716638565063,0.9976856708526611,0.9624580144882202,0.9953839778900146,0.9384474754333496,2.6249999791616574e-06,0.34189659357070923,0.9976491332054138,0.9642542004585266,0.9977235198020935,0.9629098773002625,0.9985867142677307,0.9676263928413391,0.9905057549476624,0.9447470307350159,0.9811976552009583,0.8961055278778076,0.3460082709789276,0.9903343915939331,0.9392643570899963,0.9906824231147766,0.9517136216163635
63,0.999664306640625,0.9816851019859314,0.9977543354034424,0.9656158685684204,0.9955206513404846,0.9436680674552917,1.3124999895808287e-06,0.341816782951355,0.997760534286499,0.9608752727508545,0.9977490305900574,0.9713025093078613,0.9986105561256409,0.9682019948959351,0.990750253200531,0.9456537365913391,0.9816743731498718,0.8982622027397156,0.3455336391925812,0.9906572699546814,0.9399654269218445,0.9908472299575806,0.952572226524353
64,0.9996874928474426,0.9821668863296509,0.997890293598175,0.9664434194564819,0.995790958404541,0.9458628296852112,1.3124999895808287e-06,0.3417423665523529,0.9979085326194763,0.9672284126281738,0.997872531414032,0.9677630066871643,0.99859219789505,0.9595908522605896,0.9905948638916016,0.9285867810249329,0.9813690781593323,0.873263418674469,0.34582191705703735,0.9909540414810181,0.9277635812759399,0.9902414679527283,0.9320841431617737
65,0.9996782541275024,0.9869957566261292,0.9978137016296387,0.9761772155761719,0.9956393241882324,0.9541395306587219,1.3124999895808287e-06,0.3417763411998749,0.9978081583976746,0.9724248647689819,0.9978210926055908,0.9804102182388306,0.9986178874969482,0.9705241322517395,0.9906377196311951,0.9504104852676392,0.9814536571502686,0.9061230421066284,0.34587112069129944,0.9904184937477112,0.9449463486671448,0.9908609986305237,0.9563710689544678
66,0.9997049570083618,0.9873725175857544,0.9980058073997498,0.9767398834228516,0.9960199594497681,0.956748902797699,1.3124999895808287e-06,0.34166523814201355,0.9979705810546875,0.9797947406768799,0.9980413913726807,0.9761385321617126,0.9986242651939392,0.944659948348999,0.9904377460479736,0.8988821506500244,0.9810649156570435,0.8485715985298157,0.34640082716941833,0.9901010990142822,0.9085679650306702,0.9907830953598022,0.8913888335227966
67,0.9997068643569946,0.988737940788269,0.9980276226997375,0.9794477820396423,0.9960640072822571,0.9602386355400085,1.3124999895808287e-06,0.3416627049446106,0.9980229735374451,0.9755317568778992,0.9980322122573853,0.9837526082992554,0.9986087083816528,0.9664753675460815,0.9905198812484741,0.942430853843689,0.9812243580818176,0.8919960260391235,0.34626907110214233,0.9902679324150085,0.9429721832275391,0.9907777905464172,0.9433290362358093
68,0.9997133612632751,0.9831821322441101,0.9980668425559998,0.9682974815368652,0.9961422681808472,0.9481815099716187,1.3124999895808287e-06,0.3415880501270294,0.9980716109275818,0.9661274552345276,0.9980626106262207,0.971048891544342,0.9986071586608887,0.9686524868011475,0.9903948903083801,0.9469098448753357,0.9809828400611877,0.8999607563018799,0.346330463886261,0.9898539781570435,0.9427871704101562,0.9909411072731018,0.9517078399658203
69,0.9997036457061768,0.9874245524406433,0.9980069994926453,0.9768418669700623,0.9960232377052307,0.9562341570854187,1.3124999895808287e-06,0.3415641486644745,0.9980165362358093,0.9749840497970581,0.9979979991912842,0.979409396648407,0.9985970854759216,0.965229332447052,0.9903743267059326,0.9400843977928162,0.9809415340423584,0.8889127373695374,0.3465743958950043,0.9898622632026672,0.9368613362312317,0.9908944964408875,0.9440155029296875
70,0.9997103810310364,0.9878904819488525,0.9980859160423279,0.9776949882507324,0.9961812496185303,0.9574328660964966,1.3124999895808287e-06,0.3415340185165405,0.998108446598053,0.9752229452133179,0.998063862323761,0.9807288646697998,0.9985995292663574,0.9647993445396423,0.9906294941902161,0.9389688968658447,0.9814375042915344,0.8881380558013916,0.3457004427909851,0.9905000329017639,0.9356297254562378,0.9907618761062622,0.9472876191139221
71,0.9997066259384155,0.9836575388908386,0.9979835748672485,0.9693312644958496,0.9959769248962402,0.9501753449440002,9.999999974752427e-07,0.34157025814056396,0.9979588985443115,0.9676207900047302,0.9980087280273438,0.971470057964325,0.9985586404800415,0.9702387452125549,0.9903963208198547,0.9500806927680969,0.9809859395027161,0.9056503176689148,0.3453642725944519,0.9895564913749695,0.9489930868148804,0.9912441968917847,0.9515613317489624
72,0.9996967911720276,0.9825047850608826,0.9979469180107117,0.9670624732971191,0.9959041476249695,0.9459052085876465,9.999999974752427e-07,0.34159964323043823,0.997934877872467,0.9656404256820679,0.9979598522186279,0.9689376354217529,0.9986206293106079,0.9688873887062073,0.9907221794128418,0.947053074836731,0.9816222190856934,0.90031898021698,0.3457947075366974,0.990489661693573,0.9392332434654236,0.9909580945968628,0.9563266038894653
73,0.999685525894165,0.9832499623298645,0.9979117512702942,0.9685889482498169,0.9958345890045166,0.9487473964691162,9.999999974752427e-07,0.34159791469573975,0.9979668259620667,0.9651550054550171,0.9978569149971008,0.9725620746612549,0.9985967874526978,0.9495856761932373,0.9904438853263855,0.9087272882461548,0.9810749888420105,0.8646489977836609,0.34623852372169495,0.9901864528656006,0.9105608463287354,0.9907054901123047,0.908780574798584
74,0.9997163414955139,0.9835813045501709,0.9980454444885254,0.9691173434257507,0.9961004853248596,0.9499375820159912,9.999999974752427e-07,0.34145182371139526,0.9980090856552124,0.9684422016143799,0.9980821013450623,0.9700339436531067,0.9985842704772949,0.9665600657463074,0.990333616733551,0.9427862763404846,0.9808600544929504,0.8935165405273438,0.34640663862228394,0.9900632500648499,0.9412781596183777,0.9906085133552551,0.9460453987121582
75,0.999736487865448,0.9904711842536926,0.9982362389564514,0.9827061295509338,0.9964796304702759,0.9662968516349792,9.999999974752427e-07,0.3413805663585663,0.9982395172119141,0.9801936149597168,0.9982333183288574,0.9853513836860657,0.9985803365707397,0.9681050777435303,0.9902563691139221,0.9459541440010071,0.9807115793228149,0.8985110521316528,0.34594857692718506,0.9893008470535278,0.9435071349143982,0.9912173748016357,0.949964165687561
76,0.9997272491455078,0.9895319938659668,0.9981607794761658,0.9809027910232544,0.9963299036026001,0.9629772901535034,9.999999974752427e-07,0.34139764308929443,0.9981762170791626,0.9774976372718811,0.998146116733551,0.984712541103363,0.9986138939857483,0.9639047384262085,0.9906150102615356,0.9371945261955261,0.9814121723175049,0.8859007954597473,0.34612494707107544,0.9907073974609375,0.9334637522697449,0.9905269145965576,0.946685254573822
77,0.9997314214706421,0.9885799288749695,0.9981798529624939,0.9789799451828003,0.9963675737380981,0.959870457649231,9.999999974752427e-07,0.3413810431957245,0.9981338977813721,0.9765503406524658,0.9982258677482605,0.9823404550552368,0.9986016750335693,0.9655015468597412,0.9902191758155823,0.9407840967178345,0.9806363582611084,0.8905897736549377,0.3465286195278168,0.9901247620582581,0.9372397661209106,0.99031662940979,0.9447559118270874
78,0.9997073411941528,0.9784513115882874,0.9980494976043701,0.9588533043861389,0.9961085319519043,0.9397797584533691,9.999999974752427e-07,0.34141185879707336,0.9979981184005737,0.9601901769638062,0.9981011748313904,0.9584367871284485,0.9986074566841125,0.9504078030586243,0.9906700253486633,0.9101455807685852,0.9815196394920349,0.8661315441131592,0.3460639715194702,0.9912732839584351,0.9044763445854187,0.9900718927383423,0.9165626764297485
79,0.9997331500053406,0.98374342918396,0.9981875419616699,0.9692990779876709,0.9963829517364502,0.9500906467437744,9.999999974752427e-07,0.3413131833076477,0.9981735348701477,0.9651848077774048,0.9982019662857056,0.973928689956665,0.9986007809638977,0.9624359011650085,0.9904956221580505,0.9343761205673218,0.9811739921569824,0.8853778839111328,0.3463193476200104,0.9896112680435181,0.9347062706947327,0.9913877248764038,0.942333996295929
80,0.9997256398200989,0.9893463253974915,0.9981940984725952,0.9804985523223877,0.9963958263397217,0.9622429013252258,9.999999974752427e-07,0.3413226306438446,0.9981778860092163,0.9794519543647766,0.9982106685638428,0.9817698001861572,0.9986041188240051,0.9678410887718201,0.9905245304107666,0.9451579451560974,0.9812343120574951,0.8971331715583801,0.3455706834793091,0.9908348321914673,0.9369698166847229,0.9902218580245972,0.9544121623039246
81,0.9997248649597168,0.9762377738952637,0.9980871081352234,0.9543887376785278,0.9961832165718079,0.9337704181671143,9.999999974752427e-07,0.3413260281085968,0.9980730414390564,0.9530084729194641,0.9981016516685486,0.9563642740249634,0.9985708594322205,0.9616050720214844,0.9904963970184326,0.9327138662338257,0.9811776876449585,0.8780757188796997,0.34548184275627136,0.9902558326721191,0.9154314994812012,0.9907426238059998,0.9555478096008301
82,0.9997203350067139,0.9841660261154175,0.9981022477149963,0.9702295660972595,0.9962142109870911,0.9517620801925659,9.999999974752427e-07,0.3413132131099701,0.9981182217597961,0.966900110244751,0.9980864524841309,0.9738044142723083,0.9986038208007812,0.9494470953941345,0.9904716610908508,0.9084225296974182,0.9811278581619263,0.8635268211364746,0.34636881947517395,0.9901604652404785,0.8971473574638367,0.9907861948013306,0.9209740161895752
83,0.9997538924217224,0.9846815466880798,0.9983387589454651,0.9710242748260498,0.9966840147972107,0.9536059498786926,9.999999974752427e-07,0.3411698043346405,0.9983156323432922,0.9708835482597351,0.9983615279197693,0.971951425075531,0.9986379742622375,0.9679063558578491,0.9903572797775269,0.9454552531242371,0.9809128642082214,0.8976630568504333,0.3464701771736145,0.9900141954421997,0.9406958818435669,0.9907066226005554,0.9512134790420532
84,0.9997425675392151,0.9880161285400391,0.9982502460479736,0.9777823686599731,0.9965081810951233,0.9602657556533813,9.999999974752427e-07,0.34116068482398987,0.9982214570045471,0.9806842803955078,0.9982790946960449,0.9788784980773926,0.9986358880996704,0.9418739080429077,0.9905553460121155,0.8931922316551208,0.9812985062599182,0.8404635787010193,0.34618598222732544,0.9908632040023804,0.8857948184013367,0.9902545809745789,0.9021469354629517
85,0.9997314214706421,0.9885250329971313,0.9981858730316162,0.978864312171936,0.9963801503181458,0.9592736959457397,9.999999974752427e-07,0.3411937355995178,0.9981796145439148,0.9768778085708618,0.9981932044029236,0.9812918901443481,0.9986117482185364,0.9675472974777222,0.9904882907867432,0.9446064233779907,0.9811657667160034,0.8966317176818848,0.3459171652793884,0.9899404048919678,0.9491231441497803,0.9910401701927185,0.941286563873291
0,0.9205009341239929,0.3990878760814667,0.7952331304550171,0.0029426771216094494,0.6797945499420166,0.0015037055127322674,4.199999966658652e-05,0.8236749768257141,0.7880039215087891,0.02750999666750431,0.8147879838943481,0.05554010346531868,0.5202621221542358,0.1162814125418663,0.2325628250837326,3.3611669891797646e-08,0.1319981962442398,3.3611669891797646e-08,2.256093978881836,0.1320088803768158,0.0,0.9992077350616455,0.0
1,0.9867381453514099,0.5980583429336548,0.9125155806541443,0.2836011052131653,0.8398096561431885,0.19504643976688385,4.199999966658652e-05,0.47052109241485596,0.904858410358429,0.5577515959739685,0.923442006111145,0.21837304532527924,0.8653018474578857,0.15637631714344025,0.31275248527526855,1.3226724604464835e-07,0.18636560440063477,1.3226724604464835e-07,1.2816095352172852,0.2514001727104187,0.0,0.42113810777664185,0.0
2,0.990323543548584,0.7336481213569641,0.9361215829849243,0.5311749577522278,0.8802472949028015,0.4037209749221802,4.199999966658652e-05,0.431278795003891,0.9320765733718872,0.6887673735618591,0.9421179890632629,0.46806734800338745,0.867287278175354,0.24912923574447632,0.4982583522796631,1.3226724604464835e-07,0.33407819271087646,1.3226724604464835e-07,1.1116255521774292,0.34697258472442627,0.0,0.9043842554092407,0.0
3,0.9920182228088379,0.7806277275085449,0.9474359750747681,0.61381995677948,0.9003721475601196,0.4860571026802063,4.199999966658652e-05,0.41265392303466797,0.9437291026115417,0.7386022210121155,0.9524523019790649,0.5597275495529175,0.9456847906112671,0.312083899974823,0.6078488826751709,0.01631901040673256,0.44040071964263916,0.00844175647944212,0.74558424949646,0.6493015289306641,0.017602041363716125,0.5753276348114014,0.027084458619356155
4,0.9922969341278076,0.8060569167137146,0.9493332505226135,0.66278076171875,0.903888463973999,0.5327522158622742,4.199999966658652e-05,0.40476298332214355,0.9465669989585876,0.7735836505889893,0.9539092779159546,0.6203240752220154,0.9655105471611023,0.46204841136932373,0.7578816413879395,0.16621513664722443,0.6125580072402954,0.09629255533218384,0.578732967376709,0.8116548657417297,0.11333779245615005,0.7144603133201599,0.42352569103240967
5,0.9941689968109131,0.8276735544204712,0.9611743688583374,0.6941726207733154,0.9253862500190735,0.5636308193206787,4.199999966658652e-05,0.39035215973854065,0.9577584862709045,0.7852439880371094,0.9652788639068604,0.6616676449775696,0.985817551612854,0.6242773532867432,0.9056641459465027,0.3428904414176941,0.8282797932624817,0.2451268583536148,0.44783902168273926,0.8701555728912354,0.6943222880363464,0.9448195695877075,0.2616032660007477
6,0.9945974946022034,0.8435008525848389,0.9646075367927551,0.7223935127258301,0.9317253232002258,0.5992299914360046,4.199999966658652e-05,0.38446345925331116,0.9620682597160339,0.7995477318763733,0.9677761197090149,0.6877997517585754,0.9940912127494812,0.7920393347740173,0.960371732711792,0.6237068772315979,0.9238405823707581,0.5020736455917358,0.3910449147224426,0.9628012776374817,0.7770912647247314,0.9580186605453491,0.5513613224029541
7,0.9951610565185547,0.8708398938179016,0.9679639935493469,0.7737157344818115,0.9380019903182983,0.6555344462394714,4.199999966658652e-05,0.3790789544582367,0.9653971195220947,0.8305015563964844,0.97110915184021,0.737347424030304,0.9954202175140381,0.8525036573410034,0.9692068696022034,0.7358003854751587,0.9402845501899719,0.6133911609649658,0.37794849276542664,0.9694756865501404,0.77950119972229,0.9690600037574768,0.7306270599365234
8,0.9953470826148987,0.8747719526290894,0.9689823985099792,0.7805612683296204,0.9399396777153015,0.6632739305496216,4.199999966658652e-05,0.3765370547771454,0.9670706391334534,0.8354232311248779,0.9714685082435608,0.7498190402984619,0.9954614043235779,0.8481218218803406,0.9696167707443237,0.7266267538070679,0.9410820007324219,0.6151171922683716,0.3745867908000946,0.9620503783226013,0.8163063526153564,0.9773802757263184,0.6682104468345642
9,0.9959408044815063,0.8860260844230652,0.972983181476593,0.7990686297416687,0.9474538564682007,0.6888043880462646,4.199999966658652e-05,0.37173616886138916,0.9706958532333374,0.8425417542457581,0.9756166338920593,0.7796895503997803,0.9956222772598267,0.8527829051017761,0.9709123373031616,0.7346532344818115,0.9435539245605469,0.6246079802513123,0.3723858892917633,0.9698507189750671,0.7363826036453247,0.9720303416252136,0.754568874835968
10,0.996110737323761,0.8797540068626404,0.9740387201309204,0.7854690551757812,0.9494738578796387,0.6743717193603516,4.199999966658652e-05,0.3695389926433563,0.9724083542823792,0.840668261051178,0.9759466052055359,0.763893723487854,0.9966821074485779,0.8908143043518066,0.9776784777641296,0.8039498925209045,0.9563563466072083,0.6925466656684875,0.3665831387042999,0.9785093069076538,0.8863159418106079,0.9768707156181335,0.7676875591278076
11,0.9965973496437073,0.8921003937721252,0.9773876070976257,0.8068132996559143,0.9558252692222595,0.7048702239990234,4.199999966658652e-05,0.36562255024909973,0.975507378578186,0.8577026128768921,0.9795406460762024,0.7803254723548889,0.9964401125907898,0.902863621711731,0.9758012890815735,0.8299257755279541,0.9527826905250549,0.7210647463798523,0.36588025093078613,0.984232485294342,0.8262518048286438,0.9675865769386292,0.8392453789710999
12,0.9967584013938904,0.9089260101318359,0.9785000085830688,0.839352011680603,0.9579429626464844,0.7356886267662048,4.199999966658652e-05,0.36365294456481934,0.9767493605613708,0.8836503624916077,0.9804828763008118,0.8180370926856995,0.9968847632408142,0.9083276987075806,0.9790481328964233,0.837607204914093,0.9589806199073792,0.7350725531578064,0.3631236255168915,0.9789795875549316,0.8767753839492798,0.9791635870933533,0.8142061829566956
13,0.9968193769454956,0.9011748433113098,0.9787262082099915,0.8236230611801147,0.9583989977836609,0.7244864702224731,4.199999966658652e-05,0.3624550998210907,0.9774711728096008,0.8521438837051392,0.9802390336990356,0.8129580020904541,0.9968609809875488,0.8994306325912476,0.9787148833274841,0.820146381855011,0.9583370685577393,0.7175524830818176,0.3620590269565582,0.9785403609275818,0.9072626233100891,0.9789706468582153,0.7750059366226196
14,0.9965783953666687,0.9020826816558838,0.9771065711975098,0.8270587921142578,0.9553468227386475,0.7304396629333496,4.199999966658652e-05,0.36305513978004456,0.9762012362480164,0.8585479855537415,0.978293776512146,0.8122546672821045,0.9963076710700989,0.8993062376976013,0.9751319289207458,0.8234806656837463,0.9515001773834229,0.7125247120857239,0.3656601309776306,0.9719463586807251,0.866578221321106,0.9783990383148193,0.7933444380760193
15,0.9969518780708313,0.9042938351631165,0.9798001646995544,0.8287873268127441,0.960435152053833,0.7362284064292908,4.199999966658652e-05,0.36038199067115784,0.978359043598175,0.8580757975578308,0.9814046621322632,0.8152806758880615,0.9966681003570557,0.9127235412597656,0.9772711992263794,0.848176121711731,0.9555798172950745,0.747688889503479,0.36122047901153564,0.9900179505348206,0.8163342475891113,0.9649025201797485,0.8940891027450562
16,0.9973068237304688,0.9215371012687683,0.9820815324783325,0.8609924912452698,0.9648203253746033,0.7708641886711121,4.199999966658652e-05,0.35791081190109253,0.9812053442001343,0.889536440372467,0.9830955266952515,0.8487848043441772,0.9972375631332397,0.9186635613441467,0.9814321994781494,0.8558948040008545,0.963562548160553,0.7579572200775146,0.35786864161491394,0.9836838245391846,0.8813974261283875,0.9792173504829407,0.8394288420677185
17,0.9970942139625549,0.9210033416748047,0.9805941581726074,0.861412525177002,0.9619708061218262,0.7646740078926086,4.199999966658652e-05,0.35815826058387756,0.979550838470459,0.8888740539550781,0.9818265438079834,0.8475785851478577,0.9962002635002136,0.9042870402336121,0.974107027053833,0.8344669938087463,0.9495795369148254,0.7325436472892761,0.3618532121181488,0.9913404583930969,0.8568496704101562,0.9575459957122803,0.8426496386528015
18,0.9973166584968567,0.9204500317573547,0.9822625517845154,0.8586373925209045,0.9651972055435181,0.7699423432350159,4.199999966658652e-05,0.35670825839042664,0.9814009070396423,0.8704187273979187,0.9832739233970642,0.8532992601394653,0.9970251321792603,0.9148006439208984,0.9802175760269165,0.8493837118148804,0.9612317085266113,0.7462672591209412,0.35775020718574524,0.977169394493103,0.8653457164764404,0.9833171367645264,0.8407227396965027
19,0.9976316094398499,0.9302284717559814,0.9842867851257324,0.8761700987815857,0.9690823554992676,0.7902981042861938,4.199999966658652e-05,0.35465577244758606,0.9831583499908447,0.9013685584068298,0.9855011701583862,0.8630315661430359,0.9976007342338562,0.9256277680397034,0.9837205410003662,0.8675346970558167,0.9679782390594482,0.7751859426498413,0.3546820878982544,0.9869182705879211,0.8963055610656738,0.9805566668510437,0.8508255481719971
20,0.9977953433990479,0.9345791339874268,0.9854434728622437,0.8837151527404785,0.9713218212127686,0.806355893611908,4.199999966658652e-05,0.3533901870250702,0.9846826791763306,0.8916547894477844,0.9862729907035828,0.8852161169052124,0.9976559281349182,0.925162672996521,0.9842618703842163,0.8660635352134705,0.9690237641334534,0.7720661759376526,0.3538595139980316,0.9844945669174194,0.8283489346504211,0.9840406179428101,0.9118648767471313
21,0.9978923201560974,0.9385961890220642,0.9859387874603271,0.8912534117698669,0.9722896814346313,0.8146983981132507,4.199999966658652e-05,0.3524746000766754,0.9851431846618652,0.9028018116950989,0.9868123531341553,0.8851690888404846,0.9977987408638,0.9311081171035767,0.9851489067077637,0.8770673274993896,0.9707440137863159,0.7879647016525269,0.3528953492641449,0.9860227108001709,0.9254271984100342,0.9842947125434875,0.8414962887763977
22,0.9980485439300537,0.9232949018478394,0.9870714545249939,0.8595181107521057,0.974487841129303,0.776243269443512,4.199999966658652e-05,0.3513878285884857,0.9864313006401062,0.8744231462478638,0.9877612590789795,0.8555060625076294,0.9975088238716125,0.9342167377471924,0.9833776354789734,0.8850558996200562,0.9673111438751221,0.8007854223251343,0.3534899055957794,0.9744912981987,0.8821234107017517,0.9924468994140625,0.8943325281143188
23,0.9981667995452881,0.9424954056739807,0.9878316521644592,0.8971590399742126,0.9759677052497864,0.8256876468658447,4.199999966658652e-05,0.3505230247974396,0.9870169758796692,0.9124842286109924,0.9886919260025024,0.8904602527618408,0.997812807559967,0.9357139468193054,0.9851425886154175,0.8862855434417725,0.9707337021827698,0.8043795228004456,0.35201525688171387,0.9908128976821899,0.8710601329803467,0.9795567393302917,0.9080322980880737
24,0.9981580972671509,0.9423434734344482,0.9877815842628479,0.8969055414199829,0.9758738875389099,0.8239362835884094,4.199999966658652e-05,0.3502449095249176,0.9873224496841431,0.9064619541168213,0.9882959127426147,0.8937709927558899,0.9977563619613647,0.9338719844818115,0.984730064868927,0.8830142021179199,0.9699327349662781,0.8005764484405518,0.3519555926322937,0.9853090643882751,0.8690643310546875,0.9841697812080383,0.9065849184989929
25,0.99799644947052,0.9388265013694763,0.9863878488540649,0.8912656307220459,0.9731799960136414,0.8213517069816589,4.199999966658652e-05,0.35051363706588745,0.9855644106864929,0.8972576260566711,0.9873055219650269,0.8912858366966248,0.9976226687431335,0.9314626455307007,0.9838427901268005,0.8790825009346008,0.9682103991508484,0.7944346070289612,0.3524225354194641,0.9911209940910339,0.8442764282226562,0.976691722869873,0.9268319606781006
26,0.9974632263183594,0.935895562171936,0.9830268025398254,0.888764500617981,0.9666903614997864,0.8110724687576294,4.199999966658652e-05,0.352914959192276,0.9825113415718079,0.9055725336074829,0.9837052226066589,0.8802001476287842,0.997208833694458,0.9128300547599792,0.9810858368873596,0.8445743322372437,0.9629004001617432,0.7412038445472717,0.35430335998535156,0.9796618819236755,0.7648307085037231,0.9825338125228882,0.9582025408744812
27,0.9981704950332642,0.9303042888641357,0.9878847002983093,0.8727239370346069,0.9760715961456299,0.7991693019866943,4.199999966658652e-05,0.34932032227516174,0.9874382019042969,0.8844664692878723,0.9883684515953064,0.8683534264564514,0.9979199171066284,0.9370962381362915,0.9858213663101196,0.8883709907531738,0.9720523357391357,0.8081101179122925,0.3503197133541107,0.9888580441474915,0.8648591637611389,0.982815682888031,0.9270501136779785
28,0.9982566833496094,0.9530937075614929,0.9884406328201294,0.917746901512146,0.9771562218666077,0.8520668148994446,4.199999966658652e-05,0.3486211895942688,0.9879144430160522,0.9233914017677307,0.9890127778053284,0.9165626764297485,0.997845470905304,0.9393970966339111,0.9854564666748047,0.893337607383728,0.9713407158851624,0.8161746859550476,0.35037288069725037,0.9821564555168152,0.8746063113212585,0.9887946248054504,0.9219120740890503
29,0.9983565807342529,0.9481034874916077,0.9890952110290527,0.907111644744873,0.9784349799156189,0.8415069580078125,4.199999966658652e-05,0.34789982438087463,0.9888353943824768,0.9135407209396362,0.9893998503684998,0.9072922468185425,0.997937023639679,0.9400466680526733,0.9861099720001221,0.8939835429191589,0.9726099967956543,0.8128308057785034,0.3496779203414917,0.9816786050796509,0.906053364276886,0.9905938506126404,0.8871681094169617
30,0.9984467029571533,0.949114978313446,0.9896919131278992,0.9085385799407959,0.9795991778373718,0.8424913883209229,4.199999966658652e-05,0.34741005301475525,0.9891393184661865,0.9125804305076599,0.9902737140655518,0.9079251289367676,0.9980953931808472,0.9464595913887024,0.9871006011962891,0.9058186411857605,0.9745376706123352,0.8329454064369202,0.34881556034088135,0.9844248294830322,0.9058459401130676,0.9898025989532471,0.9093649387359619
31,0.9985928535461426,0.9498999714851379,0.9906997680664062,0.9091002941131592,0.981579065322876,0.847930371761322,4.199999966658652e-05,0.34655922651290894,0.9902845621109009,0.9117921590805054,0.9911373257637024,0.9093430042266846,0.9979251027107239,0.9430004358291626,0.9857834577560425,0.9002172946929932,0.9719805121421814,0.8261895179748535,0.34967753291130066,0.9907580018043518,0.8782084584236145,0.9808717370033264,0.9301356673240662
32,0.9984710812568665,0.9514923691749573,0.9897811412811279,0.9132034778594971,0.9797824621200562,0.8534078001976013,4.199999966658652e-05,0.3468135595321655,0.989243745803833,0.9171008467674255,0.9903764128684998,0.9181849956512451,0.9978725910186768,0.9478685259819031,0.9855044484138489,0.9102325439453125,0.9714369773864746,0.8380971550941467,0.3497326672077179,0.9908811450004578,0.9238366484642029,0.9802033305168152,0.8998423218727112
33,0.9986130595207214,0.948977530002594,0.9907662272453308,0.907188355922699,0.9817085862159729,0.8490194082260132,4.199999966658652e-05,0.34613263607025146,0.9902885556221008,0.9038500189781189,0.9912608861923218,0.9125997424125671,0.9981448650360107,0.9455722570419312,0.9873754382133484,0.9037692546844482,0.9750747084617615,0.830457866191864,0.34831535816192627,0.9882112741470337,0.9100838303565979,0.9865515232086182,0.8996469378471375
34,0.998630166053772,0.9482406377792358,0.9908998012542725,0.9055812358856201,0.9819709658622742,0.8466710448265076,4.199999966658652e-05,0.34582844376564026,0.9906314015388489,0.9116395711898804,0.9911874532699585,0.903839647769928,0.9981469511985779,0.948464572429657,0.9873355627059937,0.9095935821533203,0.9749977588653564,0.8385459184646606,0.34807002544403076,0.9876128435134888,0.916758120059967,0.9870730042457581,0.9037091732025146
35,0.9986695647239685,0.9595950245857239,0.9910321235656738,0.9281578660011292,0.9822314977645874,0.8715713620185852,4.199999966658652e-05,0.345560222864151,0.9905955791473389,0.935173511505127,0.9915011525154114,0.9269599318504333,0.9980117678642273,0.9401023983955383,0.9865413904190063,0.8936633467674255,0.9734519720077515,0.8142327070236206,0.34857141971588135,0.9806249141693115,0.9300670623779297,0.9925439953804016,0.8624374270439148
36,0.9986452460289001,0.9592432975769043,0.9909206628799438,0.9275661706924438,0.9820140600204468,0.8679109811782837,4.199999966658652e-05,0.34539595246315,0.9904627799987793,0.9305918216705322,0.9914005398750305,0.9290087819099426,0.9980395436286926,0.9476854205131531,0.9866777658462524,0.9086930751800537,0.9737145304679871,0.8376219272613525,0.34832581877708435,0.9910128116607666,0.9210087656974792,0.982391893863678,0.9018872976303101
37,0.9986558556556702,0.9559129476547241,0.9910213947296143,0.920804500579834,0.9822099208831787,0.8650355339050293,4.199999966658652e-05,0.34524667263031006,0.9905916452407837,0.9210094213485718,0.9914754629135132,0.9233665466308594,0.9981545805931091,0.9492176175117493,0.9874362349510193,0.9109988212585449,0.9751957058906555,0.8424140810966492,0.34769558906555176,0.9842760562896729,0.9198299646377563,0.9906262755393982,0.9038263559341431
38,0.9987003207206726,0.9629954695701599,0.9912761449813843,0.9347147941589355,0.9827118515968323,0.8826406002044678,4.199999966658652e-05,0.34500041604042053,0.9909844994544983,0.9368394613265991,0.9915907979011536,0.9346970319747925,0.9979364275932312,0.9441596865653992,0.985858142375946,0.9024614691734314,0.9721217155456543,0.8294315934181213,0.34873858094215393,0.9912360310554504,0.9036481976509094,0.9805538058280945,0.9027589559555054
39,0.9986708164215088,0.9502367973327637,0.9911596179008484,0.9093143343925476,0.9824793338775635,0.8521562814712524,4.199999966658652e-05,0.3449372947216034,0.9909656643867493,0.912119448184967,0.9913697838783264,0.9103636741638184,0.998055100440979,0.9456213116645813,0.9867494702339172,0.904492974281311,0.9738563299179077,0.8324753642082214,0.347942054271698,0.9850221276283264,0.9019665718078613,0.9884945750236511,0.9133808016777039
40,0.9987186193466187,0.960898756980896,0.99139803647995,0.9303992390632629,0.9829506874084473,0.8745875358581543,4.199999966658652e-05,0.3446166515350342,0.990906834602356,0.9392672777175903,0.9919119477272034,0.9259154796600342,0.9980725049972534,0.9421797394752502,0.9870212078094482,0.8973381519317627,0.9743850827217102,0.8222047686576843,0.3480754494667053,0.9840155243873596,0.85625821352005,0.9900543689727783,0.9541990756988525
41,0.9987999200820923,0.9580047726631165,0.9919495582580566,0.9240605235099792,0.9840363264083862,0.8704935312271118,4.199999966658652e-05,0.3441632091999054,0.9916638135910034,0.931459367275238,0.9922534227371216,0.920575737953186,0.9981833100318909,0.9473448395729065,0.9876329898834229,0.9070568680763245,0.9755815267562866,0.8349374532699585,0.3474031686782837,0.9892896413803101,0.929506242275238,0.9859927892684937,0.8897791504859924
42,0.9987983703613281,0.9691383242607117,0.991891086101532,0.9463861584663391,0.983919620513916,0.8998350501060486,4.199999966658652e-05,0.3441656827926636,0.9915879964828491,0.9495865106582642,0.9922247529029846,0.9454094767570496,0.998248279094696,0.953206479549408,0.9880183935165405,0.9183945655822754,0.9763293266296387,0.8554090857505798,0.3469439744949341,0.989936888217926,0.9203473925590515,0.9861190319061279,0.9193623065948486
43,0.9987853169441223,0.965015172958374,0.9918332099914551,0.9381974935531616,0.983806848526001,0.8893580436706543,4.199999966658652e-05,0.34407129883766174,0.9914616942405701,0.9456894397735596,0.9922283291816711,0.9376331567764282,0.9977765083312988,0.9434597492218018,0.9849327206611633,0.9019867181777954,0.9703219532966614,0.8291020393371582,0.3494608402252197,0.9944536685943604,0.8984594941139221,0.9756031036376953,0.912326455116272
44,0.9989223480224609,0.9678211808204651,0.9928059577941895,0.9428359866142273,0.9857205152511597,0.8950206637382507,4.199999966658652e-05,0.3434625267982483,0.992566704750061,0.9452784657478333,0.9930610060691833,0.9444367289543152,0.9982162714004517,0.9472801089286804,0.9879747033119202,0.9065855145454407,0.9762423634529114,0.8350369930267334,0.3468516170978546,0.9853240847587585,0.9090477824211121,0.9906479716300964,0.9099259376525879
45,0.9989646673202515,0.9694263339042664,0.993121862411499,0.9457312226295471,0.9863423705101013,0.8993062376976013,4.199999966658652e-05,0.3431432843208313,0.9928152561187744,0.9459783434867859,0.9934419989585876,0.9471781253814697,0.998252272605896,0.9519816637039185,0.9881378412246704,0.9158259034156799,0.9765617847442627,0.8484513163566589,0.3466000258922577,0.9874294400215149,0.9317359924316406,0.9888558387756348,0.9024086594581604
46,0.9989348649978638,0.9628227353096008,0.9929150342941284,0.9327306151390076,0.9859367609024048,0.8844454288482666,4.199999966658652e-05,0.3431733250617981,0.9926449656486511,0.9349427223205566,0.9931997656822205,0.9341480135917664,0.9982315301895142,0.9514511227607727,0.9879169464111328,0.9149851202964783,0.9761355519294739,0.8481733798980713,0.346955269575119,0.988544225692749,0.9251899719238281,0.9873014092445374,0.9085046648979187
47,0.9989232420921326,0.9647078514099121,0.992821455001831,0.9365943074226379,0.9857513308525085,0.8839066028594971,4.199999966658652e-05,0.3432247042655945,0.9924534559249878,0.9361867308616638,0.993206799030304,0.9413200616836548,0.9981988668441772,0.9513494968414307,0.9877516031265259,0.9149473309516907,0.9758074283599854,0.8462548851966858,0.3469451069831848,0.9862191677093506,0.9183602929115295,0.9893003702163696,0.9173453450202942
48,0.9992935657501221,0.9771497845649719,0.9953016042709351,0.9589976668357849,0.9906520247459412,0.9225842952728271,2.099999983329326e-05,0.3416796922683716,0.9952633380889893,0.9544846415519714,0.9953439831733704,0.9647650122642517,0.9985253810882568,0.9559984803199768,0.9899548292160034,0.9220425486564636,0.9801161885261536,0.8623213768005371,0.34515896439552307,0.9897677898406982,0.927655041217804,0.9901483058929443,0.9199829697608948
49,0.9994943141937256,0.9819589257240295,0.9965978264808655,0.9673194289207458,0.993221640586853,0.9376944899559021,2.099999983329326e-05,0.3408370316028595,0.9963172078132629,0.9664070010185242,0.9968825578689575,0.9693941473960876,0.9985531568527222,0.9562105536460876,0.9901362657546997,0.9222847819328308,0.9804731011390686,0.8612459301948547,0.3451554477214813,0.9899210333824158,0.9134643077850342,0.9903591275215149,0.9347040057182312
50,0.999518632888794,0.9789166450500488,0.9968004822731018,0.9610331654548645,0.9936230182647705,0.9309921264648438,2.099999983329326e-05,0.3406417965888977,0.9967131614685059,0.9674208164215088,0.9968907833099365,0.9612504839897156,0.9985244870185852,0.9591447710990906,0.989899754524231,0.9283894896507263,0.9800098538398743,0.8705615401268005,0.34532737731933594,0.9913926124572754,0.9321807622909546,0.9884170293807983,0.9274064898490906
51,0.9995155334472656,0.9817997217178345,0.996767520904541,0.9668323993682861,0.9935582876205444,0.938652515411377,2.099999983329326e-05,0.3406388461589813,0.9966013431549072,0.9666159749031067,0.9969379901885986,0.9707091450691223,0.9985336065292358,0.9584625959396362,0.9899548292160034,0.9269702434539795,0.9801174402236938,0.8698049187660217,0.3450879156589508,0.9891654253005981,0.9181256890296936,0.9907524585723877,0.9401068091392517
52,0.9995813965797424,0.9790880084037781,0.9972468614578247,0.9609289765357971,0.9945103526115417,0.9345790147781372,2.099999983329326e-05,0.3403092324733734,0.9970649480819702,0.961617648601532,0.9974313974380493,0.9611049890518188,0.9985363483428955,0.9588563442230225,0.9899982213973999,0.927714467048645,0.9802024364471436,0.8717848062515259,0.3451690375804901,0.9894267320632935,0.9198113083839417,0.9905776977539062,0.9390749335289001
53,0.999600350856781,0.9803146123886108,0.9973400831222534,0.9632885456085205,0.9946948289871216,0.9391121864318848,2.099999983329326e-05,0.3401739001274109,0.9972090125083923,0.9587946534156799,0.9974735379219055,0.9693935513496399,0.9985629320144653,0.9582816958427429,0.9902136325836182,0.9263496994972229,0.9806234836578369,0.8672446608543396,0.3451260030269623,0.9904656410217285,0.9221153259277344,0.9899682402610779,0.9344213604927063
54,0.9995907545089722,0.9828017354011536,0.9972876906394958,0.9683160185813904,0.9945912957191467,0.9414223432540894,2.099999983329326e-05,0.34015074372291565,0.9971399903297424,0.9688053131103516,0.9974362254142761,0.9694727063179016,0.9985104203224182,0.9571964740753174,0.9898471832275391,0.9245457649230957,0.9799060821533203,0.8661356568336487,0.3454098403453827,0.9901077151298523,0.9238487482070923,0.9895915389060974,0.9276785254478455
55,0.9996047019958496,0.9859877228736877,0.9973354935646057,0.9746394157409668,0.9946872591972351,0.951124370098114,2.099999983329326e-05,0.34005507826805115,0.9972049593925476,0.9713426828384399,0.9974679350852966,0.9785726070404053,0.998533308506012,0.9568703174591064,0.9899581670761108,0.9237824082374573,0.9801248908042908,0.8643614053726196,0.3453156650066376,0.9904927611351013,0.9042843580245972,0.9894309043884277,0.947347104549408
56,0.9996913075447083,0.9884147644042969,0.9979409575462341,0.9788888692855835,0.9958915710449219,0.9591054320335388,1.049999991664663e-05,0.3397093713283539,0.9978474974632263,0.978691577911377,0.9980350732803345,0.9796321988105774,0.9985977411270142,0.9611679315567017,0.9904250502586365,0.9319108724594116,0.9810380339622498,0.8770182132720947,0.34486502408981323,0.990915060043335,0.9201399087905884,0.9899409413337708,0.9477248191833496
57,0.999765932559967,0.9879060387611389,0.9984298944473267,0.9773819446563721,0.9968652129173279,0.9583718180656433,1.049999991664663e-05,0.33946025371551514,0.9983429908752441,0.9750239849090576,0.9985169172286987,0.9800118803977966,0.9986071586608887,0.9635002613067627,0.9904671311378479,0.9365336894989014,0.9811205267906189,0.883994460105896,0.3448423743247986,0.9906157851219177,0.9218671917915344,0.9903240203857422,0.9543701410293579
58,0.9997827410697937,0.9900215864181519,0.9985441565513611,0.9814989566802979,0.9970929622650146,0.9641582369804382,1.049999991664663e-05,0.339365154504776,0.9984341263771057,0.9789853692054749,0.9986547827720642,0.9843021631240845,0.9985864162445068,0.9607183933258057,0.9903722405433655,0.9310643076896667,0.980934202671051,0.8748756647109985,0.34488892555236816,0.989594042301178,0.9183170795440674,0.9911580085754395,0.9472808837890625
59,0.9997815489768982,0.9905213117599487,0.9985051155090332,0.9825372099876404,0.9970163106918335,0.9668249487876892,1.049999991664663e-05,0.33932948112487793,0.9984485507011414,0.9800574779510498,0.9985625743865967,0.9853125214576721,0.9986013770103455,0.9617583751678467,0.9904485940933228,0.933068037033081,0.9810841083526611,0.87822425365448,0.3449660539627075,0.990654706954956,0.9246678352355957,0.9902477860450745,0.9434274435043335
60,0.9998059868812561,0.9810246229171753,0.9987266063690186,0.9633232355117798,0.9974573254585266,0.9484035968780518,1.049999991664663e-05,0.33918651938438416,0.9986671209335327,0.963144838809967,0.9987867474555969,0.9638502597808838,0.9986026287078857,0.9623712301254272,0.9904855489730835,0.9342566132545471,0.9811569452285767,0.8802105188369751,0.3449397385120392,0.9906667470932007,0.9227516055107117,0.9903101921081543,0.9489719867706299
61,0.9998056888580322,0.9858339428901672,0.9987133145332336,0.9729543328285217,0.9974309802055359,0.9569298028945923,1.049999991664663e-05,0.33915945887565613,0.9986571669578552,0.9707205295562744,0.9987706542015076,0.9754845499992371,0.9985812306404114,0.9614630341529846,0.9903234243392944,0.9326026439666748,0.980838418006897,0.8779006004333496,0.34510356187820435,0.9903448224067688,0.9134050011634827,0.9903085231781006,0.9562728404998779
62,0.9998176097869873,0.991628110408783,0.9988073110580444,0.9844486117362976,0.9976173639297485,0.9697180986404419,1.049999991664663e-05,0.3390813171863556,0.9987393021583557,0.9846407175064087,0.9988755583763123,0.984728217124939,0.9985992312431335,0.9601362347602844,0.9904016256332397,0.929871141910553,0.9809929728507996,0.8732479214668274,0.34503307938575745,0.9905908703804016,0.9135981798171997,0.9902189373970032,0.9488763213157654
63,0.9998629093170166,0.9926255941390991,0.9990854859352112,0.9861660003662109,0.9981729984283447,0.9731724262237549,5.249999958323315e-06,0.3389122784137726,0.9990153312683105,0.9856334924697876,0.9991553425788879,0.9868731498718262,0.998612642288208,0.961424708366394,0.9905122518539429,0.9323369860649109,0.9812098145484924,0.8772671222686768,0.34497615694999695,0.9913226962089539,0.9180701971054077,0.9897090196609497,0.9500187635421753
64,0.9998673796653748,0.9916228652000427,0.9991207122802734,0.9841243624687195,0.9982438087463379,0.9708003997802734,5.249999958323315e-06,0.33888018131256104,0.9990707635879517,0.9858245253562927,0.9991708993911743,0.9843136072158813,0.9986160397529602,0.9603255391120911,0.9905461668968201,0.9301049113273621,0.9812757968902588,0.8744105696678162,0.34497708082199097,0.9910892248153687,0.9168025255203247,0.9900093674659729,0.946550726890564
65,0.9998717308044434,0.9884582757949829,0.9991556406021118,0.9777605533599854,0.9983125329017639,0.9662249684333801,5.249999958323315e-06,0.3388371765613556,0.9991177916526794,0.9758922457695007,0.9991936683654785,0.9798431992530823,0.9986190795898438,0.9606497883796692,0.9905536770820618,0.9307460784912109,0.9812909960746765,0.8747988343238831,0.3449547290802002,0.9911362528800964,0.9154766201972961,0.989977240562439,0.9502155184745789
66,0.9998831748962402,0.9941232204437256,0.9992098212242126,0.9890367388725281,0.9984212517738342,0.9785846471786499,5.249999958323315e-06,0.33879730105400085,0.9991702437400818,0.9882791042327881,0.9992495179176331,0.9900271892547607,0.9986157417297363,0.9610399007797241,0.9905523061752319,0.931527316570282,0.9812875986099243,0.876116156578064,0.3449974060058594,0.9907069206237793,0.9174261689186096,0.9904026985168457,0.9491187334060669
67,0.9998699426651001,0.9915717840194702,0.9990910887718201,0.9840525984764099,0.9981868267059326,0.9707534909248352,5.249999958323315e-06,0.3388313949108124,0.9990940690040588,0.9813033938407898,0.99908846616745,0.9875856637954712,0.9986206293106079,0.9629815816879272,0.9905779957771301,0.9353851079940796,0.9813382625579834,0.8820512890815735,0.3450815677642822,0.9905970096588135,0.9223314523696899,0.9905645847320557,0.9515852332115173
68,0.9998928904533386,0.9865627884864807,0.9992947578430176,0.9738309979438782,0.9985907077789307,0.9597923159599304,2.6249999791616574e-06,0.33872416615486145,0.9992328882217407,0.9721181392669678,0.9993569254875183,0.9760685563087463,0.998618483543396,0.961560070514679,0.9905584454536438,0.9325615763664246,0.9813002943992615,0.8778223991394043,0.34500622749328613,0.9908586144447327,0.9177760481834412,0.990263819694519,0.951108992099762
69,0.9999155402183533,0.995089054107666,0.9994500875473022,0.9907278418540955,0.9989003539085388,0.9818464517593384,2.6249999791616574e-06,0.33860597014427185,0.9994482398033142,0.9882970452308655,0.9994515180587769,0.9932889342308044,0.998626708984375,0.962410032749176,0.9906159043312073,0.9342043399810791,0.9814122915267944,0.8801992535591125,0.3449685573577881,0.9907575845718384,0.9226009845733643,0.990479588508606,0.9489842057228088
70,0.9999133944511414,0.9943662881851196,0.9994232058525085,0.9893093705177307,0.9988471269607544,0.9792489409446716,2.6249999791616574e-06,0.3386271595954895,0.9994055032730103,0.9860202074050903,0.9994408488273621,0.9930943846702576,0.998630702495575,0.9614056348800659,0.9906405806541443,0.9321706891059875,0.9814609289169312,0.8772305250167847,0.3449796438217163,0.9906952381134033,0.9185633659362793,0.9905909895896912,0.949612021446228
71,0.9999158382415771,0.9904597401618958,0.9994435906410217,0.9814764261245728,0.9988876581192017,0.9733988046646118,2.6249999791616574e-06,0.3386099934577942,0.9993988275527954,0.9810440540313721,0.9994882345199585,0.9821103811264038,0.9986230731010437,0.9621343016624451,0.9905689358711243,0.9336997866630554,0.981321394443512,0.8793997764587402,0.34505730867385864,0.9912335276603699,0.9225221872329712,0.989910900592804,0.9480189681053162
72,0.9999166131019592,0.9955809712409973,0.9994431138038635,0.991718590259552,0.9988876581192017,0.9837262034416199,2.6249999791616574e-06,0.33859333395957947,0.9994032979011536,0.9910438060760498,0.9994834661483765,0.9925884008407593,0.9986138939857483,0.9611508250236511,0.990521252155304,0.9317803978919983,0.9812279343605042,0.876808762550354,0.34507182240486145,0.9912028312683105,0.9173951745033264,0.9898468255996704,0.9504971504211426
73,0.9999241828918457,0.9893195629119873,0.9995177388191223,0.9791212677955627,0.9990365505218506,0.9695942401885986,1.3124999895808287e-06,0.3385414779186249,0.9995259642601013,0.977301836013794,0.9995094537734985,0.9811575412750244,0.9986261129379272,0.9618321061134338,0.9906127452850342,0.9330512881278992,0.9814066290855408,0.8786247372627258,0.3450242578983307,0.9906443953514099,0.9189802408218384,0.990586519241333,0.9508939385414124
74,0.9999169111251831,0.9907885789871216,0.999457597732544,0.9821194410324097,0.9989165663719177,0.9744859933853149,1.3124999895808287e-06,0.33855846524238586,0.9993894696235657,0.9810464978218079,0.9995261430740356,0.9832707047462463,0.9986239671707153,0.9619728326797485,0.990597665309906,0.9333478808403015,0.9813775420188904,0.8790555000305176,0.3450535237789154,0.9908036589622498,0.9181346297264099,0.9903979301452637,0.9523430466651917
75,0.9999213218688965,0.9904269576072693,0.9994629621505737,0.9813905358314514,0.9989272356033325,0.9732224345207214,1.3124999895808287e-06,0.3385457694530487,0.9993892908096313,0.9812108874320984,0.9995366930961609,0.9818319082260132,0.9986236691474915,0.9612748026847839,0.9905812740325928,0.9319682121276855,0.9813453555107117,0.8768531680107117,0.3450629711151123,0.9910980463027954,0.9169638156890869,0.9900711178779602,0.9508031606674194
76,0.999925971031189,0.9963902831077576,0.9995112419128418,0.9932687878608704,0.9990240335464478,0.9867570400238037,1.3124999895808287e-06,0.33850470185279846,0.9994779825210571,0.9922726154327393,0.9995449781417847,0.9943259954452515,0.9986196756362915,0.9609134197235107,0.9905515313148499,0.9312751293182373,0.9812867045402527,0.8757908344268799,0.3450591564178467,0.9908140301704407,0.9176323413848877,0.9902948141098022,0.9483283758163452
77,0.9999253153800964,0.9961998462677002,0.9995094537734985,0.9928902387619019,0.9990195631980896,0.9859834909439087,1.3124999895808287e-06,0.33850544691085815,0.9995217323303223,0.9913191199302673,0.9994969964027405,0.9945525527000427,0.9986233711242676,0.9613149762153625,0.9905844330787659,0.9320456981658936,0.9813513159751892,0.8769571781158447,0.3451046049594879,0.9912353754043579,0.9157267212867737,0.9899407029151917,0.9522722363471985
