epoch,background,liver,tumor
1,3.9045267078533294,10.0,3.4673359951691327
2,4.124501604253709,10.0,2.686854654083486
3,4.0406647111116,10.0,2.4248437777646332
4,4.673949681290925,9.552628527342911,2.2389302802423954
5,4.698134762055023,9.516858232071778,2.2505154947494312
6,4.047232101093389,8.19834595837519,4.219930429407654
7,3.5247270348618684,7.1399245011989425,5.80085695281542
8,3.2710598135286753,6.62607909109078,6.568369584256777
9,3.247974640923857,6.579316210486039,6.638217637466337
10,3.247974640923857,6.579316210486039,6.638217637466337
11,3.2963618828119814,6.677332666933708,6.491813939130543
12,3.285496206761112,6.655322421632335,6.524689860482784
13,3.3951222094240214,6.877388236840089,6.192998042612123
14,3.3634817356711433,6.813295161959873,6.288731591245215
15,3.503814573211015,7.097562810252521,5.864131105412697
16,3.65901472577841,7.4119466933009805,5.3945470697968405
17,3.577546570127625,7.24691930966379,5.641042609084818
18,3.732732600847972,7.561274586547647,5.171501301480612
19,3.879616356890797,7.858812216618167,4.727079915367269
20,3.764971552471037,7.626579978514123,5.073956957891073
21,3.790414288503913,7.566848710490329,5.10824548988199
22,3.9311217742767126,7.84774472243959,4.68664199215993
23,3.964096634840002,7.775457580274451,4.72595427376178
24,3.850589510312847,7.5528167334133975,5.062102245149986
25,3.7837446365717016,7.707537914025365,4.974225938279164
26,3.69415890209035,7.5250505869481215,5.246298999837759
27,3.7096695252989687,7.48751238745409,5.268326576123172
28,3.689060210727968,7.537390239001127,5.239058039147137
29,3.81693337598156,7.798657307727664,4.849917805167008
30,3.9350995570603216,8.04009132315875,4.4903176086571595
31,3.937425366829139,8.03511154634085,4.492971575706244
32,3.836947392249377,7.830065949667367,4.798495146959488
33,3.948572080830201,8.057858667118868,4.459077740927164
34,3.8503481950813123,7.857412993873524,4.7577472999213954
35,3.861180258246696,7.833196110253846,4.77113212037569
36,3.9673070961860635,8.048496168406968,4.449705224283202
37,3.8729024327036035,7.8569769454436695,4.7356291107289605
38,3.888712346369944,7.821835306101979,4.754960836404313
39,3.907759884290745,7.779497205965161,4.778251398620335
40,3.928601199130244,7.7331719707391375,4.803735319006859
41,3.875723658880293,7.850706037525081,4.739078792470867
42,3.8902499216186595,7.818417645766105,4.756840921491475
43,3.861876992487961,7.881483849897327,4.722147646490949
44,3.7884440242222204,7.7316187054190735,4.945445759234944
45,3.7958406557929565,7.714566489655928,4.955101343427357
46,3.73218594617301,7.585196335776211,5.148126206927018
47,3.742400469262644,7.560892039356037,5.1622159802575585
48,3.754737605997135,7.5315372250842305,5.1792336577948745
49,3.700063192596029,7.421867143443275,5.343578152836937
50,3.794286020789903,7.610866432464543,5.060356035621791
51,3.8077290004970696,7.57949484560305,5.078284642776119
52,3.821859978353995,7.546517692551181,5.0971308179710615
53,3.910244825767154,7.721039474755276,4.834224188353809
54,3.8477072525531755,7.597554861142675,5.020246375180388
55,3.93297867352663,7.765928974974628,4.7666008403749816
56,3.893459062977337,7.8533446522184915,4.718704773680412
57,3.8333903539279337,7.732182398462043,4.899935736486263
58,3.912557275686497,7.891866913328825,4.661084299860917
59,3.986893522506126,8.041807661898172,4.436807304471942
60,3.922784292416398,7.912495430502061,4.630228765957781
61,3.9944680348680146,8.057085915807669,4.413954538200556
62,4.0611367243619965,8.191560733094589,4.212811031419653
63,4.12265774273461,8.315652383429327,4.027198362712302
64,4.133653612634374,8.293915250970242,4.037939625271622
65,4.145419065956421,8.270656771228861,4.049432651690955
66,4.200603957889514,8.380757895596288,3.8841466353904366
67,4.251087163128011,8.481478536042028,3.7329427897061995
68,4.263512298743906,8.45814270426098,3.7438534858713526
69,4.276153419149842,8.434401228237206,3.754953841489191
70,4.3212046532245765,8.52326150680249,3.62104232884917
71,4.33392840161887,8.499875631706335,3.6317044555510334
72,4.374536772736747,8.57951841121769,3.511453304921803
73,4.3871695560052375,8.556745256325177,3.521593676545825
74,4.423724966822867,8.628043010860013,3.4137405111933594
75,4.456938683652999,8.69282311801182,3.3157466872114205
76,4.487052279043415,8.751556741414895,3.2268994684179284
77,4.499409881952111,8.730312069718694,3.235786537205433
78,4.526379668256659,8.782642187905253,3.1564866327143277
79,4.538388399597443,8.762259125922505,3.164860963356291
80,4.550044394840437,8.742474781784361,3.1729893122514397
