Liver_DSC,Liver_IoU,Liver_Precision,Liver_Recall,Liver_VOE,Liver_RVD,Liver_ASSD,Liver_MSD,Liver_ICC,Tumor_DSC,Tumor_IoU,Tumor_Precision,Tumor_Recall,Tumor_VOE,Tumor_RVD,Tumor_ASSD,Tumor_MSD,Tumor_ICC
0.994447,0.9889554,0.99721575,0.99169356,0.0110446215,-0.0055376096,0.005545318567801991,1.0,0.9936093091964722,1.0,1.0,0.0,0.0,0.0,0.0,0.0,0.0,1.0
0.989843,0.9798903,0.9925926,0.98710865,0.020109713,-0.005524862,0.02627583563855747,9.219544457292887,0.9887338876724243,0.9795322,0.95988536,0.9738372,0.9852941,0.04011464,0.011764706,0.020434336525307798,1.0,0.9791135787963867
0.9861635,0.9727047,0.99618804,0.97633874,0.027295291,-0.01992528,0.08982794808598654,15.620499351813308,0.9855142831802368,1.0,1.0,0.0,0.0,0.0,0.0,0.0,0.0,1.0
0.98691785,0.97417355,0.98743457,0.9864017,0.025826454,-0.0010460251,0.013821537137761127,2.0,0.9861046075820923,0.8333333,0.71428585,0.8333329,0.8333329,0.28571415,0.0,0.38628095431138215,4.47213595499958,0.8331515789031982
0.9940906,0.9882507,0.9960526,0.9921363,0.011749327,-0.003931848,0.005905532179071532,1.0,0.9931374788284302,1.0,1.0,0.0,0.0,0.0,0.0,0.0,0.0,1.0
0.99135447,0.98285717,0.99135447,0.99135447,0.017142832,0.0,0.008645533141210375,1.0,0.9909743070602417,1.0,1.0,0.0,0.0,0.0,0.0,0.0,0.0,1.0
0.9659224,0.9340909,0.9856115,0.9470046,0.06590909,-0.039170507,0.9553780342476497,43.01162633521314,0.9652212858200073,1.0,1.0,0.0,0.0,0.0,0.0,0.0,0.0,1.0
0.99551773,0.9910754,0.99551773,0.99551773,0.008924603,0.0,0.0044822949350067235,1.0,0.9948105812072754,1.0,1.0,0.0,0.0,0.0,0.0,0.0,0.0,1.0
0.98316014,0.96687806,0.9920463,0.9744318,0.033121943,-0.017755682,0.016760952803523303,1.0,0.9816409349441528,0.9433962,0.89285713,0.93749994,0.949367,0.107142866,0.012658226,0.05656645569620253,1.0,0.9431396722793579
0.9950083,0.99006623,0.9950083,0.9950083,0.00993377,0.0,0.004991680532445923,1.0,0.9941532611846924,1.0,1.0,0.0,0.0,0.0,0.0,0.0,0.0,1.0
0.9883041,0.97687864,0.988304,0.988304,0.023121357,0.0,0.011695906432748537,1.0,0.9881840944290161,1.0,1.0,0.0,0.0,0.0,0.0,0.0,0.0,1.0
0.99200386,0.9841346,0.9922443,0.9917636,0.015865386,-0.00048449612,0.00849618478629722,2.23606797749979,0.9908536672592163,0.9396552,0.88617885,0.91596633,0.9646017,0.11382115,0.05309734,0.06565799555842046,1.0,0.9395436644554138
0.98859316,0.97744364,0.99236643,0.9848485,0.022556365,-0.007575758,0.011392551468887346,1.0,0.9884112477302551,1.0,1.0,0.0,0.0,0.0,0.0,0.0,0.0,1.0
0.9889863,0.97821254,0.9883199,0.98965365,0.021787465,0.0013495276,0.011013261261523428,1.0,0.9872573018074036,0.92,0.8518519,0.92929286,0.910891,0.14814812,-0.019801978,0.08195855298904572,1.4142135623730951,0.9195539951324463
0.9655172,0.93333334,0.9773124,0.9540034,0.06666666,-0.023850085,0.06615708816034693,7.280109889280518,0.9643230438232422,0.93333334,0.875,0.9722221,0.8974358,0.125,-0.07692307,0.07799145299145299,2.0,0.9337856769561768
0.9787234,0.9583333,0.9829059,0.97457623,0.041666687,-0.008474575,0.02125887295378821,1.0,0.9784174561500549,1.0,1.0,0.0,0.0,0.0,0.0,0.0,0.0,1.0
0.9759876,0.95310134,0.9944751,0.9581749,0.046898663,-0.0365019,0.026466838928416662,3.605551275463989,0.9741290807723999,0.3333339,0.20000081,0.19999981,0.999995,0.7999992,3.99998,0.5532247551122991,0.0,0.44710373878479004
0.97208536,0.9456869,0.98013246,0.9641694,0.054313123,-0.016286645,0.02947774877580516,2.0,0.9715919494628906,0.91588783,0.8448276,0.85964894,0.9799998,0.15517241,0.13999997,0.08017543859649122,1.0,0.9175956845283508
0.9948936,0.98983914,0.99658996,0.99320304,0.010160863,-0.0033984706,0.00510350052621248,1.0,0.9945056438446045,9.9999e-06,9.9999e-06,0.0,0.0,0.99999,-0.99999,0.0,0.0,0.0
0.99037975,0.98094285,0.98987854,0.99088144,0.019057155,0.0010131713,0.009619999261656596,1.0,0.9897662401199341,1.0,1.0,0.0,0.0,0.0,0.0,0.0,0.0,1.0
0.9868914,0.974122,0.9971618,0.9768304,0.025878012,-0.02038925,0.013003911432061116,1.0,0.9849927425384521,1.0,1.0,0.0,0.0,0.0,0.0,0.0,0.0,1.0
9.090901e-07,9.090901e-07,0.0,0.0,0.9999991,-0.9999991,0.0,0.0,0.0,1.0,1.0,0.0,0.0,0.0,0.0,0.0,0.0,1.0
0.99061584,0.98140615,0.99119717,0.9900352,0.018593848,-0.0011723329,0.00938382345656589,1.0,0.9895246028900146,0.97422683,0.94974875,0.9895287,0.95939076,0.050251245,-0.03045685,0.025540170622159616,1.0,0.9740347862243652
0.98939717,0.9790168,0.9963392,0.98255116,0.02098322,-0.013838748,0.027710606707713428,10.04987562112089,0.98824143409729,0.9802891,0.9613402,0.98157895,0.9790026,0.03865981,-0.002624672,0.01970921397983147,1.0,0.9798250198364258
0.9966059,0.9932347,0.9978759,0.995339,0.006765306,-0.0025423728,0.0033925305646357448,1.0,0.9960347414016724,1.0,1.0,0.0,0.0,0.0,0.0,0.0,0.0,1.0
0.9803594,0.96147543,0.9915469,0.9694215,0.038524568,-0.02231405,0.19473315607110114,27.80287754891569,0.9788810014724731,0.9554656,0.91472864,0.97520655,0.9365079,0.08527136,-0.039682537,0.04414272596090778,1.0,0.9553215503692627
0.9822294,0.96507937,0.9918434,0.9728,0.034920633,-0.0192,0.020751598828145902,3.605551275463989,0.9815804362297058,0.95238096,0.90909094,0.95744675,0.9473683,0.090909064,-0.010526315,0.04759238521836506,1.0,0.9521243572235107
0.9834926,0.96752137,0.9725086,0.9947276,0.03247863,0.022847101,0.01638190833378629,1.0,0.9829540848731995,4.999975e-06,4.999975e-06,0.0,0.0,0.999995,-0.999995,0.0,0.0,0.0
0.9913793,0.982906,0.988822,0.9939499,0.017094016,0.0051858253,0.008614058803901037,1.0,0.9907259941101074,1.0,1.0,0.0,0.0,0.0,0.0,0.0,0.0,1.0
0.99733096,0.9946761,0.9955595,0.99910873,0.005323887,0.0035650623,0.002665881466424774,1.0,0.9971397519111633,1.0,1.0,0.0,0.0,0.0,0.0,0.0,0.0,1.0
0.9942436,0.9885531,0.9981507,0.990367,0.011446893,-0.007798165,0.005741155462808621,1.0,0.9933763742446899,1.0,1.0,0.0,0.0,0.0,0.0,0.0,0.0,1.0
0.9796748,0.96015936,0.98367345,0.9757085,0.03984064,-0.008097166,0.0203090142939767,1.0,0.9790499210357666,0.9661017,0.93442625,0.9661015,0.9661015,0.06557375,0.0,0.03389830508474576,1.0,0.9659826159477234
0.9928717,0.9858443,0.9943906,0.9913574,0.014155686,-0.0030503306,0.014233291907293758,8.602325267042627,0.9919024705886841,0.97044337,0.94258374,0.97044325,0.97044325,0.05741626,0.0,0.029556650246305417,1.0,0.9700769782066345
0.99648196,0.9929886,1.0,0.9929886,0.0070114136,-0.0070113936,0.0035056967572304996,1.0,0.9962316155433655,1.0,1.0,0.99999666,0.99999666,0.0,0.0,0.0,0.0,0.9999958276748657
0.99318403,0.9864603,0.99609375,0.99029124,0.013539672,-0.0058252425,0.0068074939320388345,1.0,0.9922153353691101,0.9467456,0.8988764,0.9999999,0.8988763,0.10112357,-0.10112359,0.06741573033707865,4.0,0.9478257894515991
0.9918699,0.983871,0.98785424,0.9959184,0.016129017,0.008163265,0.008113690820457738,1.0,0.9914990663528442,1.0,1.0,0.0,0.0,0.0,0.0,0.0,0.0,1.0
0.9904368,0.9810548,0.9855967,0.9953247,0.018945217,0.00987013,0.009539308428197318,1.0,0.9891726970672607,0.9302326,0.86956525,0.9090905,0.95238054,0.13043475,0.047619026,0.06926406926406926,1.0,0.9303911924362183
0.99659735,0.99321777,0.9969743,0.9962207,0.0067822337,-0.0007558579,0.0034025040508723244,1.0,0.9962946176528931,0.99415207,0.9883721,0.9999999,0.988372,0.0116279125,-0.011627906,0.005813953488372093,1.0,0.9941321015357971
0.9854176,0.97125435,0.99287623,0.9780702,0.028745651,-0.01491228,0.014526800081236036,1.0,0.9843685626983643,1.0,1.0,0.0,0.0,0.0,0.0,0.0,0.0,1.0
0.99364406,0.9873684,0.9908451,0.99645895,0.012631595,0.0056657223,0.006348003032358457,1.0,0.9930496215820312,1.0,1.0,0.0,0.0,0.0,0.0,0.0,0.0,1.0
0.99343187,0.98694944,0.99343187,0.99343187,0.013050556,0.0,0.006568144499178982,1.0,0.992907702922821,0.79069775,0.65384626,0.99999946,0.6538459,0.34615374,-0.3461537,0.2195041069687134,2.0,0.8083841800689697
0.99176955,0.98367345,0.99410725,0.9894428,0.016326547,-0.0046920823,0.008224968332938756,1.0,0.9908173680305481,1.0,1.0,0.0,0.0,0.0,0.0,0.0,0.0,1.0
0.99535364,0.99075025,0.99689764,0.9938144,0.009249747,-0.0030927835,0.00464397275024254,1.0,0.995064914226532,1.0,1.0,0.0,0.0,0.0,0.0,0.0,0.0,1.0
0.99371594,0.9875104,0.995384,0.9920535,0.012489617,-0.0033458804,0.006281248063929764,1.0,0.992644727230072,1.0,1.0,0.0,0.0,0.0,0.0,0.0,0.0,1.0
0.9726516,0.9467593,0.97149646,0.97380954,0.053240716,0.0023809525,0.0537703637437736,6.708203932499369,0.9711737632751465,0.9368421,0.88118815,0.9175257,0.95698917,0.118811846,0.04301075,0.10291526369775852,5.0,0.9366867542266846
0.9943074,0.98867923,0.9905482,0.9980952,0.01132077,0.0076190475,0.005678278872985868,1.0,0.9939261078834534,1.0,1.0,0.0,0.0,0.0,0.0,0.0,0.0,1.0
0.97463286,0.9505208,0.9656085,0.9838275,0.049479187,0.018867925,0.025282020565039434,1.0,0.9740790128707886,3.3333222e-06,3.3333222e-06,0.0,0.0,0.99999666,300000.0,0.0,0.0,0.0
0.99256504,0.98523986,0.9930925,0.9920382,0.014760137,-0.0010615712,0.00754471041325561,1.0,0.9915990233421326,0.962963,0.92857146,0.9999993,0.9285708,0.07142854,-0.07142852,0.03571428571428571,1.0,0.9635971188545227
0.9949001,0.989852,0.99701875,0.9927905,0.010147989,-0.004240882,0.005095380111635623,1.0,0.9940443634986877,1.0,1.0,0.0,0.0,0.0,0.0,0.0,0.0,1.0
0.9934024,0.9868914,0.9962193,0.9906015,0.013108611,-0.0056390977,0.006589607288542717,1.0,0.9926939010620117,1.0,1.0,0.0,0.0,0.0,0.0,0.0,0.0,1.0
0.96842104,0.93877554,0.9787233,0.95833325,0.06122446,-0.02083333,0.06753123123044634,5.385164807134504,0.96820068359375,0.90909094,0.8333334,0.86956483,0.95238054,0.16666663,0.09523805,0.08902691511387163,1.0,0.9099202156066895
0.991109,0.9823748,0.99064547,0.99157304,0.017625213,0.0009363296,0.008890751621277893,1.0,0.9904869794845581,1.0,1.0,0.0,0.0,0.0,0.0,0.0,0.0,1.0
0.9895358,0.9792884,0.99033296,0.98873997,0.0207116,-0.0016085791,0.010463539161960819,1.0,0.9881918430328369,0.6666668,0.50000036,0.99999857,0.49999967,0.49999964,-0.49999967,6.242197038515485,35.38361202590826,0.7069537043571472
0.98313254,0.96682465,0.9714286,0.99512196,0.03317535,0.024390243,0.016724738675958188,1.0,0.9827737808227539,0.93750006,0.88235295,0.9999997,0.88235265,0.11764705,-0.11764702,0.058823529411764705,1.0,0.9392218589782715
0.99276793,0.9856397,0.99867725,0.9869281,0.014360309,-0.011764706,0.007197323373793962,1.0,0.9924346208572388,1.0,1.0,0.0,0.0,0.0,0.0,0.0,0.0,1.0
0.9808967,0.9625096,0.9944664,0.9676923,0.037490427,-0.026923077,0.023027036529483666,5.0,0.9793860912322998,0.63157916,0.46153888,0.46153814,0.99999833,0.5384611,1.1666647,0.2851620600912729,0.0,0.6792191863059998
0.9939071,0.987888,0.99239546,0.9954233,0.012112021,0.0030511061,0.006090610888272094,1.0,0.9933812022209167,1.0,1.0,0.0,0.0,0.0,0.0,0.0,0.0,1.0
0.9941061,0.98828125,0.99215686,0.996063,0.01171875,0.003937008,0.005890072564458854,1.0,0.9937159419059753,1.0,1.0,0.0,0.0,0.0,0.0,0.0,0.0,1.0
0.99260104,0.98531073,0.98922294,0.99600226,0.014689267,0.0068532266,0.0073874000530610015,1.0,0.9917181134223938,1.0,1.0,0.0,0.0,0.0,0.0,0.0,0.0,1.0
0.99381626,0.9877085,0.9942554,0.9933775,0.012291491,-0.0008830022,0.006183551693965403,1.0,0.9928247928619385,1.0,1.0,0.0,0.0,0.0,0.0,0.0,0.0,1.0
0.98507464,0.9705882,0.98571426,0.9844358,0.029411793,-0.0012970169,0.015193579297444106,1.4142135623730951,0.984341025352478,0.94949496,0.9038462,0.93999976,0.95918345,0.096153796,0.02040816,0.050408163265306116,1.0,0.9493900537490845
0.9948052,0.9896641,0.9973958,0.992228,0.010335922,-0.005181347,0.0051880936960276335,1.0,0.9945539236068726,1.0,1.0,0.0,0.0,0.0,0.0,0.0,0.0,1.0
0.9894822,0.9791834,0.99430895,0.9847021,0.020816624,-0.009661836,0.010494481756411767,1.0,0.9886409044265747,0.9302326,0.86956525,0.9090905,0.95238054,0.13043475,0.047619026,0.06926406926406926,1.0,0.9303890466690063
0.9907773,0.98172325,0.9929578,0.9886065,0.018276751,-0.004382121,0.009217883991062941,1.0,0.9900908470153809,0.9683258,0.9385965,0.9385964,0.99999994,0.061403513,0.06542055,0.03070175438596491,0.0,0.9686048030853271
0.98742664,0.97516555,0.9949324,0.9800333,0.024834454,-0.014975041,0.01251714484867563,1.0,0.9864705204963684,1.0,1.0,0.0,0.0,0.0,0.0,0.0,0.0,1.0
0.96842104,0.93877554,0.99999976,0.9387753,0.06122446,-0.061224476,0.030612244897959183,1.0,0.9688191413879395,1.0,1.0,0.0,0.0,0.0,0.0,0.0,0.0,1.0
0.98695403,0.9742441,0.991453,0.9824958,0.025755882,-0.009034444,0.013261640845133208,1.0,0.9853922128677368,1.0,1.0,0.0,0.0,0.0,0.0,0.0,0.0,1.0
0.9898742,0.9799514,0.99017805,0.98957056,0.020048618,-0.00061349693,0.010125712262783068,1.0,0.9887571930885315,0.90000004,0.818182,0.9999989,0.8181811,0.18181801,-0.18181802,0.09090909090909091,1.0,0.9044746160507202
0.9933185,0.9867257,0.9901332,0.99652433,0.013274312,0.006454816,0.006671234265910702,1.0,0.9923825263977051,1.0,1.0,0.0,0.0,0.0,0.0,0.0,0.0,1.0
0.99009424,0.9803828,0.98937714,0.99081236,0.0196172,0.0014506769,0.010005402538658415,1.4142135623730951,0.9886611700057983,0.8965518,0.8125001,0.86666614,0.9285708,0.18749988,0.07142852,0.10238095238095238,1.0,0.896996021270752
0.99279356,0.98569024,0.9974446,0.98818564,0.014309764,-0.009282701,0.007184856130363214,1.0,0.992247462272644,1.0,1.0,0.0,0.0,0.0,0.0,0.0,0.0,1.0
0.99038696,0.98095703,0.9930796,0.9877089,0.019042969,-0.005408063,0.00960573366948723,1.0,0.9890332221984863,0.92561984,0.8615385,0.8888887,0.96551704,0.13846147,0.08620688,0.07279693486590039,1.0,0.9261397123336792
0.9844933,0.96946025,0.9927273,0.97639483,0.030539751,-0.016452074,0.021867707291660363,4.0,0.9830986261367798,1.0,1.0,0.0,0.0,0.0,0.0,0.0,0.0,1.0
0.98125,0.9631902,0.9827856,0.97971916,0.036809802,-0.0031201248,0.018747604364268467,1.0,0.980488657951355,0.9577465,0.9189189,0.94444436,0.97142845,0.08108109,0.028571425,0.04206349206349206,1.0,0.9576629996299744
0.98745096,0.975213,0.9944708,0.9805296,0.024787009,-0.014018691,0.012499815446398251,1.0,0.9864189624786377,0.9411765,0.8888889,0.9462365,0.93617016,0.111111104,-0.010638297,0.12939959436216353,8.06225774829855,0.9408566355705261
0.9784387,0.95778745,0.9820896,0.97481483,0.042212546,-0.0074074073,0.02154781647318961,1.0,0.9775234460830688,0.96,0.923077,0.9523808,0.9677417,0.07692301,0.01612903,0.039938556067588324,1.0,0.9598804712295532
0.9927466,0.98559767,0.99130857,0.99418885,0.01440233,0.002905569,0.007251295709340214,1.0,0.9916967749595642,0.98578197,0.97196263,0.99999994,0.9719626,0.02803737,-0.02803738,0.014018691588785047,1.0,0.98578941822052
0.99126095,0.9826733,0.99126095,0.99126095,0.017326713,0.0,0.008739076154806492,1.0,0.9908079504966736,1.0,1.0,0.0,0.0,0.0,0.0,0.0,0.0,1.0
0.99356115,0.98720473,0.9960278,0.99110675,0.0127952695,-0.0049407114,0.006432737634974154,1.0,0.9931460022926331,1.0,1.0,0.0,0.0,0.0,0.0,0.0,0.0,1.0
0.97759104,0.95616436,0.9748603,0.9803371,0.04383564,0.0056179776,0.02240129307639194,1.0,0.9770949482917786,1.0,1.0,0.0,0.0,0.0,0.0,0.0,0.0,1.0
0.9756098,0.95238096,0.9756097,0.9756097,0.047619045,0.0,0.024390243902439025,1.0,0.9754263162612915,1.0,1.0,0.0,0.0,0.0,0.0,0.0,0.0,1.0
0.99543613,0.9909137,0.99594116,0.9949316,0.009086311,-0.0010136848,0.009401732416069212,8.06225774829855,0.9948140382766724,0.9744898,0.9502488,0.98963726,0.95979893,0.049751222,-0.03015075,0.025281849662821883,1.0,0.9742951393127441
0.9886992,0.977651,0.9856184,0.9917993,0.022349,0.006271105,0.011291133456267151,1.0,0.9870659112930298,1.0,1.0,0.0,0.0,0.0,0.0,0.0,0.0,1.0
0.98930043,0.97882736,0.9836334,0.9950331,0.021172643,0.011589404,0.010666749764255754,1.0,0.9889092445373535,0.85714304,0.7500006,0.74999815,0.99999666,0.2499994,0.3333322,0.125,0.0,0.8659936189651489
0.99234974,0.9848156,0.9891068,0.99561405,0.0151844025,0.0065789474,0.007639605549822268,1.0,0.9921387434005737,1.0,1.0,0.0,0.0,0.0,0.0,0.0,0.0,1.0
0.9635627,0.92968744,0.95199996,0.97540975,0.07031256,0.024590163,0.047649532783808346,1.4142135623730951,0.9633536338806152,0.7500001,0.60000026,0.89999914,0.6428567,0.39999974,-0.2857141,0.2285714285714286,1.0,0.7604743242263794
0.96062994,0.92424244,0.9786096,0.943299,0.07575756,-0.036082473,0.312254261408351,16.401219466856727,0.9598625898361206,1.0,1.0,0.0,0.0,0.0,0.0,0.0,0.0,1.0
0.9778044,0.9565728,0.9748804,0.9807461,0.04342723,0.006016847,0.028037101410777247,1.4142135623730951,0.976617693901062,3.3333222e-06,3.3333222e-06,0.0,0.0,0.99999666,-0.99999666,0.0,0.0,0.0
0.98694515,0.97422683,0.9895287,0.98437494,0.025773168,-0.005208333,0.013048102094240838,1.0,0.9867981672286987,1.0,1.0,0.0,0.0,0.0,0.0,0.0,0.0,1.0
0.9941176,0.9883041,0.993283,0.99495375,0.011695921,0.0016820858,0.005881650929772565,1.0,0.9936532378196716,0.923077,0.85714304,0.8571416,0.99999833,0.14285696,0.16666639,0.07142857142857142,0.0,0.9257951378822327
0.9852814,0.97098976,0.98442906,0.9861352,0.029010236,0.0017331023,0.014717876140159396,1.0,0.9847462177276611,0.98507464,0.97058827,0.97058815,0.9999999,0.029411733,0.030303027,0.014705882352941176,0.0,0.9851281642913818
0.9936018,0.98728496,0.9947249,0.99248123,0.012715042,-0.002255639,0.00639692675547195,1.0,0.9930349588394165,1.0,1.0,0.0,0.0,0.0,0.0,0.0,0.0,1.0
0.9779287,0.95681065,0.98293513,0.972973,0.043189347,-0.010135135,0.022045936721704643,1.0,0.9775388240814209,1.0,1.0,0.0,0.0,0.0,0.0,0.0,0.0,1.0
0.9871191,0.97456574,0.9924195,0.981875,0.025434256,-0.010625,0.017726291800152463,8.246211251235321,0.9857484102249146,0.94358975,0.8932039,0.91999996,0.968421,0.106796086,0.052631576,0.05786054149607601,1.0,0.9432264566421509
0.98464316,0.9697509,0.9873188,0.981982,0.030249119,-0.0054054055,0.015349588719153937,1.0,0.9841129183769226,1.0,1.0,0.0,0.0,0.0,0.0,0.0,0.0,1.0
0.9876901,0.9756795,0.9884058,0.9869754,0.024320483,-0.001447178,0.012309402462299964,1.0,0.9871525168418884,0.972973,0.94736844,0.98901093,0.95744675,0.052631557,-0.03191489,0.10886673102753835,7.0,0.9729481339454651
0.99368054,0.98744047,0.99346405,0.99389714,0.012559533,0.0004359198,0.006319412391518653,1.0,0.9926517605781555,1.0,1.0,0.0,0.0,0.0,0.0,0.0,0.0,1.0
0.9929013,0.98590267,0.9967816,0.9890511,0.014097333,-0.0077554747,0.007083647957043376,1.0,0.9918180704116821,1.0,1.0,0.0,0.0,0.0,0.0,0.0,0.0,1.0
0.99285716,0.9858156,0.9964158,0.98932385,0.014184415,-0.0071174377,0.007130192987155448,1.0,0.9924822449684143,1.0,1.0,0.0,0.0,0.0,0.0,0.0,0.0,1.0
0.975,0.9512195,0.99152535,0.9590163,0.0487805,-0.032786883,0.024729091414281743,1.0,0.9747732877731323,1.0,1.0,0.0,0.0,0.0,0.0,0.0,0.0,1.0
0.99433196,0.98872787,0.9903226,0.998374,0.011272132,0.008130081,0.005651717807500655,1.0,0.9938765168190002,0.9836066,0.96774197,0.9999997,0.9677416,0.032258034,-0.032258056,0.016129032258064516,1.0,0.9837138056755066
0.9883351,0.9769392,0.9907867,0.98589563,0.023060799,-0.0049365303,0.01165884811960028,1.0,0.9872336983680725,1.0,1.0,0.0,0.0,0.0,0.0,0.0,0.0,1.0
0.9921384,0.9843994,0.98748046,0.9968404,0.015600622,0.009478673,0.007839559738631896,1.0,0.9918319582939148,1.0,1.0,0.0,0.0,0.0,0.0,0.0,0.0,1.0
0.9849498,0.970346,0.9865997,0.9833055,0.029654026,-0.003338898,0.01504741291320263,1.0,0.9837647676467896,1.0,1.0,0.0,0.0,0.0,0.0,0.0,0.0,1.0
0.9887755,0.9778002,0.9867617,0.9907975,0.02219981,0.0040899795,0.011220371596716355,1.0,0.9880636930465698,1.0,1.0,0.0,0.0,0.0,0.0,0.0,0.0,1.0
0.9780161,0.95697796,0.992383,0.9640592,0.043022037,-0.028541226,0.18707774838719649,16.278820596099706,0.9768022298812866,1.0,1.0,0.0,0.0,0.0,0.0,0.0,0.0,1.0
0.99085766,0.9818809,0.9938865,0.9878472,0.018119097,-0.006076389,0.009312937639843066,1.4142135623730951,0.9901716709136963,1.0,1.0,0.0,0.0,0.0,0.0,0.0,0.0,1.0
0.9835069,0.9675491,0.9947322,0.9725322,0.032450914,-0.022317596,0.01636779495604532,1.0,0.982330858707428,1.0,1.0,0.0,0.0,0.0,0.0,0.0,0.0,1.0
0.9817001,0.964058,0.9976005,0.96629864,0.035942018,-0.031377107,0.018701979887362653,2.0,0.9797424674034119,0.7500001,0.60000026,0.6428567,0.89999914,0.39999974,0.39999962,0.2285714285714286,1.0,0.7604718804359436
0.9884259,0.9771167,0.9793578,0.99766356,0.022883296,0.018691588,0.011489325216496614,1.0,0.987827718257904,1.0,1.0,0.0,0.0,0.0,0.0,0.0,0.0,1.0
0.9956459,0.9913295,0.997093,0.9942029,0.008670509,-0.0028985508,0.004352039096730704,1.0,0.9954498410224915,1.0,1.0,0.0,0.0,0.0,0.0,0.0,0.0,1.0
0.99335545,0.9867987,0.99390584,0.9928058,0.013201296,-0.0011068069,0.0066442137149006555,1.0,0.9925292730331421,9.9999e-06,9.9999e-06,0.0,0.0,0.99999,-0.99999,0.0,0.0,0.0
0.9957824,0.99160016,0.99830866,0.99326885,0.008399844,-0.0050483802,0.004385511802236616,1.4142135623730951,0.9950731992721558,1.0,1.0,0.0,0.0,0.0,0.0,0.0,0.0,1.0
0.9867061,0.97376096,0.9817754,0.99168646,0.026239038,0.010095011,0.013269056486264193,1.0,0.9851893782615662,2.4999936e-06,2.4999936e-06,0.0,0.0,0.9999975,-0.9999975,0.0,0.0,0.0
0.98400986,0.968523,0.99255586,0.9756098,0.031476974,-0.017073171,0.01591720631846517,1.0,0.9836428761482239,1.0,1.0,0.0,0.0,0.0,0.0,0.0,0.0,1.0
0.96821517,0.93838865,0.9530686,0.98385096,0.061611354,0.032298137,0.03437031187421752,2.23606797749979,0.9666844606399536,0.8842105,0.7924529,0.92307687,0.84848475,0.20754713,-0.08080807,0.1973441515377965,5.830951894845301,0.884332537651062
0.96907216,0.94,0.97337276,0.96480936,0.060000002,-0.008797654,0.031521659341517405,1.0,0.9684284925460815,0.95238096,0.909091,0.9374999,0.9677417,0.090909004,0.03225806,0.047379032258064516,1.0,0.9523210525512695
0.99433106,0.988726,0.9965909,0.99208146,0.01127398,-0.004524887,0.005663821472645002,1.0,0.9940084218978882,1.0,1.0,0.0,0.0,0.0,0.0,0.0,0.0,1.0
0.99371636,0.98751116,0.9919355,0.9955036,0.012488842,0.0035971224,0.00628045950336505,1.0,0.9932637214660645,1.0,1.0,0.0,0.0,0.0,0.0,0.0,0.0,1.0
0.9872881,0.9748954,0.97899157,0.99572647,0.025104582,0.017094018,0.012640953817424406,1.0,0.9869492053985596,1.0,1.0,0.99999666,0.99999666,0.0,0.0,0.0,0.0,0.9999958872795105
0.99454266,0.9891446,0.99432564,0.9947598,0.010855377,0.00043668124,0.0054572763366810325,1.0,0.9936590790748596,1.0,1.0,0.0,0.0,0.0,0.0,0.0,0.0,1.0
0.9898305,0.9798658,0.99319726,0.9864865,0.02013421,-0.006756757,0.010158117300974445,1.0,0.9894554615020752,1.0,1.0,0.0,0.0,0.0,0.0,0.0,0.0,1.0
0.99234974,0.9848156,0.98552823,0.9992663,0.0151844025,0.013939839,0.007602727872138691,1.0,0.9916808009147644,1.0,1.0,0.0,0.0,0.0,0.0,0.0,0.0,1.0
0.99312454,0.98634297,0.9974425,0.9888438,0.013657033,-0.00862069,0.006856865684804657,1.0,0.9922012090682983,1.0,1.0,0.0,0.0,0.0,0.0,0.0,0.0,1.0
0.9822425,0.9651047,0.9847406,0.9797571,0.0348953,-0.0050607286,0.017751162474619133,1.0,0.9811083078384399,0.9550562,0.9139785,0.988372,0.92391294,0.08602148,-0.06521738,0.2379138308677092,9.486832980505138,0.9553585648536682
0.99006325,0.980322,0.983842,0.99636364,0.019677997,0.012727273,0.009897176432185408,1.0,0.9893621206283569,1.0,1.0,0.0,0.0,0.0,0.0,0.0,0.0,1.0
0.99376947,0.9876161,0.99068326,0.996875,0.012383878,0.00625,0.006220885093167702,1.0,0.9935170412063599,1.0,1.0,0.0,0.0,0.0,0.0,0.0,0.0,1.0
0.97669,0.9544419,0.96543777,0.9882075,0.045558095,0.023584906,0.02317733240587775,1.0,0.97613924741745,0.96,0.9230769,0.94736814,0.9729727,0.07692307,0.027027018,0.03982930298719772,1.0,0.9599888324737549
0.9767779,0.95460993,0.98680353,0.96695405,0.04539007,-0.020114943,0.08410467411818098,13.038404810405298,0.9747071266174316,0.9310345,0.87096775,0.92307687,0.93913037,0.12903225,0.017391304,0.06889632107023412,1.0,0.9305766224861145
0.98578197,0.97196263,0.9719626,0.99999994,0.02803737,0.028846152,0.014018691588785047,0.0,0.9857891201972961,0.9333334,0.8750002,0.99999857,0.874999,0.12499982,-0.12499985,0.0625,1.0,0.9353870749473572
0.9886942,0.97764117,0.9954468,0.98203254,0.022358835,-0.0134755755,0.04355295260478312,10.770329614269007,0.98735111951828,0.95652175,0.91666675,0.9166659,0.9999991,0.083333254,0.09090901,0.041666666666666664,0.0,0.9573909044265747
0.9878346,0.97596157,0.99266505,0.9830508,0.024038434,-0.00968523,0.012142057933778127,1.0,0.9872047901153564,0.9361702,0.88000005,0.93617,0.93617,0.119999945,0.0,0.06382978723404255,1.0,0.9359921216964722
0.9928883,0.985877,0.990389,0.9954002,0.014123023,0.005059798,0.007200665303259997,1.4142135623730951,0.9918047189712524,0.8000001,0.6666669,0.9999988,0.66666615,0.33333308,-0.33333308,0.16666666666666666,1.0,0.8163930177688599
0.9704017,0.9425051,0.98497856,0.95625,0.05749488,-0.029166667,0.031104772884434827,2.23606797749979,0.9696342945098877,0.9310345,0.87096775,0.88524586,0.98181814,0.12903225,0.1090909,0.07396151206118036,1.0,0.9318069815635681
0.9717514,0.94505495,0.97175133,0.97175133,0.05494505,0.0,0.02824858757062147,1.0,0.9714394807815552,1.0,1.0,0.0,0.0,0.0,0.0,0.0,0.0,1.0
0.99121267,0.9825784,0.99225897,0.9901685,0.017421603,-0.0021067415,0.008931991266836954,1.0,0.990372896194458,0.955414,0.91463417,0.9615384,0.949367,0.08536583,-0.012658226,0.04454722492697176,1.0,0.9552208185195923
0.99512196,0.99029124,1.0,0.99029124,0.009708762,-0.009708738,0.0048543689320388345,1.0,0.9943171143531799,1.0,1.0,0.0,0.0,0.0,0.0,0.0,0.0,1.0
0.9842271,0.9689441,0.97196263,0.99680513,0.031055927,0.025559105,0.016368227130694593,1.0,0.9826323390007019,1.0,1.0,0.0,0.0,0.0,0.0,0.0,0.0,1.0
0.99088544,0.9819355,0.9921773,0.9895969,0.018064499,-0.0026007802,0.04060562838904638,14.212670403551895,0.9904413819313049,1.0,1.0,0.0,0.0,0.0,0.0,0.0,0.0,1.0
0.9788654,0.95860565,0.9756098,0.98214287,0.041394353,0.0066964286,0.02112369337979094,1.0,0.9782711863517761,0.9512195,0.90697676,0.93975896,0.96296287,0.09302324,0.024691356,0.04863900044622936,1.0,0.951041042804718
0.98704666,0.97442454,0.991327,0.9828031,0.025575459,-0.008598452,0.012934965721781527,1.0,0.9860694408416748,1.0,1.0,0.0,0.0,0.0,0.0,0.0,0.0,1.0
0.9960842,0.99219894,0.99803823,0.99413776,0.007801056,-0.0039081583,0.007575890075141962,6.0,0.9955273270606995,0.9749104,0.951049,0.95104885,0.9999999,0.04895103,0.05147058,0.024475524475524476,0.0,0.975007951259613
0.9929465,0.9859919,0.99362475,0.9922692,0.014008105,-0.0013642565,0.007053007203970011,1.0,0.9918583631515503,1.0,1.0,0.0,0.0,0.0,0.0,0.0,0.0,1.0
0.99394524,0.98796344,0.99418604,0.9937046,0.012036562,-0.0004842615,0.007523688577683647,5.830951894845301,0.9930717945098877,0.99148214,0.9831081,0.98644066,0.99657536,0.016891897,0.0102739725,0.00849198978407244,1.0,0.9913381934165955
0.9916268,0.98339266,0.99044204,0.99281436,0.016607344,0.0023952096,0.008619226296211544,1.0,0.9911789298057556,1.0,1.0,0.0,0.0,0.0,0.0,0.0,0.0,1.0
0.9928383,0.98577845,0.99697196,0.9887387,0.014221549,-0.008258258,0.007144635172644256,1.0,0.992216944694519,1.0,1.0,0.0,0.0,0.0,0.0,0.0,0.0,1.0
0.96484375,0.9320755,0.9686274,0.9610895,0.0679245,-0.007782101,0.6721778457214407,44.01136216933077,0.964292585849762,1.0,1.0,0.0,0.0,0.0,0.0,0.0,0.0,1.0
0.9902081,0.9806061,0.9889976,0.9914216,0.01939392,0.0024509805,0.00979043818016204,1.0,0.9896983504295349,0.9315069,0.87179494,0.8947366,0.9714283,0.12820506,0.08571426,1.1153364104068544,1.0,0.9321430921554565
0.9913772,0.9829018,0.98967046,0.99308985,0.017098188,0.0034550838,0.0086198650208383,1.0,0.9901618957519531,0.9230769,0.85714287,0.9850745,0.86842096,0.14285713,-0.11842104,0.1584852501427958,4.123105625617661,0.9245924949645996
0.98953485,0.97928655,0.99648714,0.982679,0.020713449,-0.013856813,0.010416948364171322,1.0,0.988983690738678,1.0,1.0,0.0,0.0,0.0,0.0,0.0,0.0,1.0
0.9872923,0.97490346,0.9863281,0.9882583,0.025096536,0.0019569471,0.012706778987279843,1.0,0.9868839979171753,0.992126,0.98437506,0.9843749,0.9999998,0.01562494,0.015873013,0.0078125,0.0,0.9921280145645142
0.9966791,0.99338025,0.997093,0.99626553,0.0066197515,-0.0008298755,0.0033207082891054717,1.0,0.9961094856262207,1.0,1.0,0.0,0.0,0.0,0.0,0.0,0.0,1.0
0.9929467,0.9859922,0.9906177,0.9952867,0.014007807,0.004713276,0.007047802835949876,1.0,0.9923581480979919,1.0,1.0,0.0,0.0,0.0,0.0,0.0,0.0,1.0
0.9766355,0.9543379,0.9812206,0.9720929,0.045662105,-0.009302325,0.02334315973359537,1.0,0.9763402342796326,1.0,1.0,0.0,0.0,0.0,0.0,0.0,0.0,1.0
0.9911589,0.9824728,0.9918699,0.9904489,0.017527223,-0.0014326648,0.008840589838563142,1.0,0.9898636341094971,1.0,1.0,0.0,0.0,0.0,0.0,0.0,0.0,1.0
0.9941945,0.988456,0.9941945,0.9941945,0.011543989,0.0,0.005805515239477504,1.0,0.993358850479126,1.0,1.0,0.0,0.0,0.0,0.0,0.0,0.0,1.0
0.9951198,0.99028695,0.9946785,0.9955615,0.009713054,0.0008877053,0.004880017084882143,1.0,0.9943393468856812,1.0,1.0,0.0,0.0,0.0,0.0,0.0,0.0,1.0
0.9933414,0.98677087,0.9933414,0.9933414,0.013229132,0.0,0.006658595641646489,1.0,0.9925991296768188,1.0,1.0,0.0,0.0,0.0,0.0,0.0,0.0,1.0
0.9929412,0.9859813,0.995283,0.9906103,0.014018714,-0.0046948357,0.007053326246788909,1.0,0.9920076131820679,0.87804884,0.7826088,0.81818146,0.94736797,0.2173912,0.15789466,0.12663882498216364,1.0,0.8802608847618103
0.9933066,0.98670214,0.99731183,0.98933333,0.013297856,-0.008,0.006677419354838709,1.0,0.9928231239318848,1.0,1.0,0.0,0.0,0.0,0.0,0.0,0.0,1.0
0.9936709,0.9874214,0.9941549,0.99318737,0.012578607,-0.000973236,0.0063288783964597535,1.0,0.9927668571472168,0.96842104,0.93877554,0.94845355,0.9892472,0.06122446,0.04301075,0.031149539962310166,1.0,0.9684575200080872
0.9919256,0.9839806,0.9897461,0.99411476,0.016019404,0.0044139284,0.008069572055848455,1.0,0.9907764792442322,0.9127517,0.8395062,0.98550713,0.8499999,0.16049379,-0.13749999,0.1259963768115942,5.0,0.9148722887039185
0.9842697,0.96902657,0.9838275,0.98471224,0.030973434,0.0008992806,0.020519647671821892,7.810249675906654,0.9831247925758362,0.96124035,0.9253731,0.9841269,0.9393938,0.07462692,-0.04545454,0.03823953823953824,1.0,0.9611968994140625
0.99001426,0.980226,0.988604,0.99142855,0.01977402,0.0028571428,0.009983719983719984,1.0,0.9893278479576111,0.91603047,0.8450705,0.9523808,0.8823528,0.15492952,-0.0735294,0.08263305322128851,1.0,0.9163695573806763
0.98958737,0.9793893,0.996892,0.982389,0.02061069,-0.014548239,0.021406420928610448,13.0,0.9887262582778931,0.9448819,0.8955225,0.9836064,0.9090908,0.104477525,-0.07575757,0.141637833344512,7.211102550927978,0.9454085230827332
0.9932692,0.9866285,0.99518305,0.99136275,0.013371527,-0.0038387715,0.006727095884230341,1.0,0.992814302444458,1.0,1.0,0.0,0.0,0.0,0.0,0.0,0.0,1.0
0.9950915,0.9902309,0.9937611,0.9964254,0.009769082,0.0026809652,0.005091326837327498,1.0,0.9947376847267151,0.942029,0.89041096,0.9420289,0.9420289,0.10958904,0.0,0.057971014492753624,1.0,0.9417837858200073
0.98902196,0.97828233,0.9959799,0.98216057,0.021717668,-0.013875124,0.010929772748778582,1.0,0.9883303642272949,0.9752066,0.9516129,0.96721303,0.9833333,0.04838711,0.016666666,0.026424372523387002,1.0,0.9750573635101318
0.9674267,0.93690854,0.9705882,0.96428573,0.06309146,-0.0064935065,0.12152643775933285,11.0,0.9661668539047241,0.9478261,0.90082645,0.9732142,0.92372876,0.099173546,-0.050847456,0.06000302663438257,3.0,0.9477870464324951
0.9777495,0.9564677,0.9734177,0.98212004,0.043532312,0.008939974,0.022495617888254153,1.4142135623730951,0.9766360521316528,0.921466,0.8543689,0.9263157,0.91666657,0.14563107,-0.010416666,0.14353056526694585,5.385164807134504,0.9210182428359985
0.9904306,0.9810427,0.9825949,0.9983923,0.018957317,0.01607717,0.009506390166469942,1.0,0.9900860786437988,1.0,1.0,0.0,0.0,0.0,0.0,0.0,0.0,1.0
0.9848276,0.9701087,0.9821183,0.98755187,0.029891312,0.0055325036,0.015878783353087504,2.23606797749979,0.9833624362945557,1.0,1.0,0.0,0.0,0.0,0.0,0.0,0.0,1.0
0.9908497,0.9818653,0.9938811,0.98783666,0.018134713,-0.006081668,0.009322146070265531,1.0,0.9901679754257202,0.9519651,0.90833336,0.9083333,0.99999994,0.09166664,0.10091742,0.04583333333333333,0.0,0.9527433514595032
0.9900311,0.9802591,0.9894147,0.9906484,0.01974088,0.0012468828,0.009968463026741987,1.0,0.9889514446258545,1.0,1.0,0.0,0.0,0.0,0.0,0.0,0.0,1.0
0.989221,0.97867185,0.9872861,0.9911635,0.021328151,0.003927344,0.010775230365379838,1.0,0.9876911044120789,1.0,1.0,0.99999666,0.99999666,0.0,0.0,0.0,0.0,0.9999952912330627
0.99436843,0.9888,0.9967742,0.9919743,0.011200011,-0.0048154094,0.005625744317299228,1.0,0.9941490888595581,1.0,1.0,0.0,0.0,0.0,0.0,0.0,0.0,1.0
0.9936306,0.98734176,0.99680513,0.9904762,0.012658238,-0.0063492064,0.006359348851361631,1.0,0.9928121566772461,1.0,1.0,0.0,0.0,0.0,0.0,0.0,0.0,1.0
0.99027944,0.9807461,0.995116,0.9854897,0.01925391,-0.009673519,0.03410264451113163,9.486832980505138,0.9892114400863647,0.98730606,0.97493035,0.98039216,0.9943182,0.025069654,0.014204546,0.012644830659536543,1.0,0.9870482683181763
0.99043715,0.9810555,0.9897611,0.99111414,0.018944502,0.001367054,0.013051059031718031,8.602325267042627,0.9894986152648926,0.9723077,0.9461078,0.9999999,0.9461077,0.053892195,-0.05389221,0.02694610778443114,1.0,0.9724100232124329
0.9838079,0.96813184,0.9921171,0.9756368,0.03186816,-0.016611295,0.016123058274221065,1.0,0.9829064011573792,0.9584906,0.9202898,0.976923,0.94074064,0.079710186,-0.037037034,0.04116809116809117,1.0,0.9583293199539185
0.962963,0.92857146,0.9605911,0.96534646,0.07142854,0.0049504945,0.4588434758279199,45.0,0.9625058174133301,1.0,1.0,0.0,0.0,0.0,0.0,0.0,0.0,1.0
0.9807692,0.9622642,0.9714285,0.9902912,0.03773582,0.019417474,0.01914008321775312,1.0,0.9806944727897644,1.0,1.0,0.0,0.0,0.0,0.0,0.0,0.0,1.0
7.692302e-07,7.692302e-07,0.0,0.0,0.9999992,-0.9999993,0.0,0.0,0.0,1.0,1.0,0.0,0.0,0.0,0.0,0.0,0.0,1.0
0.99328387,0.9866573,0.99293286,0.99363506,0.013342679,0.0007072136,0.006716030007846822,1.0,0.9926491379737854,1.0,1.0,0.0,0.0,0.0,0.0,0.0,0.0,1.0
0.99423176,0.98852974,0.9937107,0.9947534,0.011470258,0.0010493179,0.005767948946392392,1.0,0.9934692978858948,1.0,1.0,0.0,0.0,0.0,0.0,0.0,0.0,1.0
0.9926605,0.98542804,0.9890311,0.99631673,0.014571965,0.0073664826,0.007326081320849368,1.0,0.992417573928833,4.999975e-06,4.999975e-06,0.0,0.0,0.999995,-0.999995,0.0,0.0,0.0
0.9886364,0.9775281,0.97752804,0.99999994,0.022471905,0.022988504,0.011235955056179775,0.0,0.9886343479156494,1.0,1.0,0.99999666,0.99999666,0.0,0.0,0.0,0.0,0.9999959468841553
0.9939991,0.9880699,0.9922978,0.9957063,0.011930108,0.0034349507,0.0059979352816058725,1.0,0.993004560470581,0.75000036,0.6000008,0.5999988,0.99999666,0.3999992,0.6666644,0.2,0.0,0.7745452523231506
0.99434155,0.9887468,0.9963918,0.9922998,0.011253178,-0.0041067763,0.012641118629575633,8.602325267042627,0.9935798645019531,0.98206276,0.96475774,0.9820627,0.9820627,0.03524226,0.0,0.017937219730941704,1.0,0.9818142056465149
0.9929742,0.9860465,0.9953052,0.99065423,0.013953507,-0.004672897,0.009297648355400225,4.242640687119285,0.9923791885375977,0.8571429,0.7500001,0.7999995,0.9230763,0.24999988,0.15384604,0.13846153846153847,1.0,0.859221339225769
0.9886364,0.9775281,0.9886364,0.9886364,0.022471905,0.0,0.011363636363636364,1.0,0.9883884787559509,1.0,1.0,0.0,0.0,0.0,0.0,0.0,0.0,1.0
0.98949474,0.97920793,0.98505974,0.99396986,0.020792067,0.0090452265,0.010485194898796773,1.0,0.9888260364532471,0.95,0.90476197,0.9499996,0.9499996,0.09523803,0.0,0.05,1.0,0.9499383568763733
0.98642534,0.97321427,0.99771166,0.9753915,0.026785731,-0.022371365,0.013448415319009517,1.0,0.9861103296279907,1.0,1.0,0.0,0.0,0.0,0.0,0.0,0.0,1.0
3.8461522e-07,3.8461522e-07,0.0,0.0,0.99999964,-0.99999964,0.0,0.0,0.0,1.0,1.0,0.0,0.0,0.0,0.0,0.0,0.0,1.0
0.95,0.9047619,0.9999997,0.9047617,0.09523809,-0.09523807,0.047619047619047616,1.0,0.951073169708252,1.0,1.0,0.0,0.0,0.0,0.0,0.0,0.0,1.0
0.99558014,0.99119914,0.99613047,0.99503034,0.008800864,-0.0011043622,0.004419585610813349,1.0,0.9950349926948547,1.0,1.0,0.0,0.0,0.0,0.0,0.0,0.0,1.0
0.98197913,0.9645963,0.97611564,0.9879135,0.03540373,0.012086514,0.018380673679157168,1.4142135623730951,0.9800771474838257,0.88235295,0.7894738,0.8823525,0.8823525,0.21052623,0.0,0.11764705882352941,1.0,0.8822290897369385
0.9876456,0.97559273,0.9921986,0.9831342,0.024407268,-0.009135629,0.015106936284858919,3.0,0.9864881038665771,1.0,1.0,0.0,0.0,0.0,0.0,0.0,0.0,1.0
0.9966015,0.99322605,0.9961783,0.9970251,0.0067739487,0.00084997877,0.0033982908389073715,1.0,0.9960330724716187,1.0,1.0,0.0,0.0,0.0,0.0,0.0,0.0,1.0
0.9873773,0.9750692,0.9859944,0.98876405,0.024930775,0.0028089888,0.012620778648538066,1.0,0.9870932698249817,1.0,1.0,0.0,0.0,0.0,0.0,0.0,0.0,1.0
